<buildings>
  <building type="Barracks">
    <texture value="textures/Barracks.png"/>
    <life value="200"/>
    <cost value="90"/>
    <rect w="280" h="254"/>
    <collision_box w="265" h="250" offset_x="-140" offset_y="-150"/>
    <offset offset_x="150" offset_y="150"/>
  </building>
  <building type="BasicBuilding_enemy">
    <texture value="textures/BasicBuilding_enemy.png"/>
    <life value="150"/>
    <cost value="0"/>
    <rect1 x="0" y="0" w="164" h="141"/> <!--3 types of basic buildings-->
    <rect2 x="173" y ="0" w="174" h="141"/>
    <rect3 x="355" y="0" w="166" h="141 "/>
    <collision_box1 w="150" h="125" offset_x="-80" offset_y="-70"/>
    <collision_box2 w="160" h="135" offset_x="-80" offset_y="-50"/>
    <collision_box3 w="160" h="135" offset_x="-80" offset_y="-70"/>
    <offset1 offset_x="90" offset_y="80"/>
    <offset2 offset_x="80" offset_y="60"/>
    <offset3 offset_x="90" offset_y="65"/>
  </building>
  <building type="BasicBuilding_ally">
    <texture value="textures/BasicBuilding_ally.png"/>
    <life value="150"/>
    <cost value="0"/>
    <rect1 x="0" y="0" w="164" h="141"/>
    <rect2 x="173" y ="0" w="174" h="141"/>
    <rect3 x="355" y="0" w="166" h="141 "/>
    <collision_box1 w="150" h="125" offset_x="-80" offset_y="-70"/>
    <collision_box2 w="160" h="135" offset_x="-80" offset_y="-50"/>
    <collision_box3 w="160" h="135" offset_x="-80" offset_y="-70"/>
    <offset1 offset_x="90" offset_y="80"/>
    <offset2 offset_x="80" offset_y="60"/>
    <offset3 offset_x="90" offset_y="65"/>
  </building>
  <building type="BrokenBuilding">
    <texture value="textures/BrokenBuilding.png"/>
    <life value="1"/>
    <cost value="1"/>
    <rect w="264" h="145"/>
    <collision_box w="265" h="250" offset_x="-140" offset_y="-150"/>
    <offset offset_x="150" offset_y="150"/>
  </building>
</buildings>
