<?xml version="1.0"?>
<game_state>
	<file_system />
	<input />
	<window />
	<textures />
	<audio />
	<map />
	<pathfinding />
	<fonts />
	<console />
	<entities>
		<Enemies>
			<Enemy name="1">
				<Life current="30" max="30" />
				<Position x="1216" y="672" />
				<id value="5" />
			</Enemy>
			<Enemy name="2">
				<Life current="50" max="50" />
				<Position x="1504" y="880" />
				<id value="5" />
			</Enemy>
			<Enemy name="1">
				<Life current="30" max="30" />
				<Position x="1632" y="976" />
				<id value="5" />
			</Enemy>
			<Enemy name="1">
				<Life current="30" max="30" />
				<Position x="2304" y="1312" />
				<id value="5" />
			</Enemy>
			<Enemy name="1">
				<Life current="30" max="30" />
				<Position x="992" y="688" />
				<id value="5" />
			</Enemy>
			<Enemy name="1">
				<Life current="30" max="30" />
				<Position x="1376" y="880" />
				<id value="5" />
			</Enemy>
			<Enemy name="2">
				<Life current="50" max="50" />
				<Position x="1920" y="1152" />
				<id value="5" />
			</Enemy>
			<Enemy name="7">
				<Life current="500" max="500" />
				<Position x="2112" y="1312" />
				<id value="4" />
			</Enemy>
			<Enemy name="1">
				<Life current="30" max="30" />
				<Position x="2304" y="1440" />
				<id value="5" />
			</Enemy>
			<Enemy name="1">
				<Life current="30" max="30" />
				<Position x="960" y="832" />
				<id value="5" />
			</Enemy>
			<Enemy name="2">
				<Life current="50" max="50" />
				<Position x="1184" y="944" />
				<id value="5" />
			</Enemy>
			<Enemy name="2">
				<Life current="50" max="50" />
				<Position x="1696" y="1264" />
				<id value="5" />
			</Enemy>
			<Enemy name="2">
				<Life current="50" max="50" />
				<Position x="2304" y="1664" />
				<id value="5" />
			</Enemy>
			<Enemy name="2">
				<Life current="50" max="50" />
				<Position x="928" y="1040" />
				<id value="5" />
			</Enemy>
			<Enemy name="2">
				<Life current="50" max="50" />
				<Position x="1024" y="1088" />
				<id value="5" />
			</Enemy>
			<Enemy name="2">
				<Life current="50" max="50" />
				<Position x="1536" y="1344" />
				<id value="5" />
			</Enemy>
			<Enemy name="2">
				<Life current="50" max="50" />
				<Position x="1984" y="1568" />
				<id value="5" />
			</Enemy>
			<Enemy name="1">
				<Life current="30" max="30" />
				<Position x="-64" y="608" />
				<id value="2" />
			</Enemy>
			<Enemy name="1">
				<Life current="30" max="30" />
				<Position x="1760" y="1520" />
				<id value="5" />
			</Enemy>
			<Enemy name="2">
				<Life current="50" max="50" />
				<Position x="2560" y="1984" />
				<id value="5" />
			</Enemy>
			<Enemy name="1">
				<Life current="30" max="30" />
				<Position x="-416" y="528" />
				<id value="2" />
			</Enemy>
			<Enemy name="2">
				<Life current="50" max="50" />
				<Position x="-160" y="656" />
				<id value="2" />
			</Enemy>
			<Enemy name="1">
				<Life current="30" max="30" />
				<Position x="-384" y="608" />
				<id value="2" />
			</Enemy>
			<Enemy name="1">
				<Life current="30" max="30" />
				<Position x="-288" y="656" />
				<id value="2" />
			</Enemy>
			<Enemy name="2">
				<Life current="50" max="50" />
				<Position x="2048" y="2048" />
				<id value="5" />
			</Enemy>
			<Enemy name="2">
				<Life current="50" max="50" />
				<Position x="2176" y="2112" />
				<id value="5" />
			</Enemy>
			<Enemy name="1">
				<Life current="30" max="30" />
				<Position x="480" y="1840" />
				<id value="1" />
			</Enemy>
			<Enemy name="2">
				<Life current="50" max="50" />
				<Position x="320" y="1920" />
				<id value="1" />
			</Enemy>
			<Enemy name="1">
				<Life current="30" max="30" />
				<Position x="-1120" y="1392" />
				<id value="0" />
			</Enemy>
			<Enemy name="1">
				<Life current="30" max="30" />
				<Position x="-1570" y="1424" />
				<id value="0" />
			</Enemy>
			<Enemy name="1">
				<Life current="30" max="30" />
				<Position x="-1408" y="1536" />
				<id value="0" />
			</Enemy>
			<Enemy name="1">
				<Life current="30" max="30" />
				<Position x="-1152" y="1696" />
				<id value="0" />
			</Enemy>
			<Enemy name="1">
				<Life current="30" max="30" />
				<Position x="-1752" y="1524" />
				<id value="0" />
			</Enemy>
			<Enemy name="2">
				<Life current="50" max="50" />
				<Position x="352" y="2864" />
				<id value="1" />
			</Enemy>
			<Enemy name="1">
				<Life current="30" max="30" />
				<Position x="384" y="3072" />
				<id value="1" />
			</Enemy>
		</Enemies>
		<NPCs>
			<NPC name="1">
				<Position x="-1664" y="2016" />
				<id value="5" />
			</NPC>
		</NPCs>
		<Ally_Buildings>
			<Ally_Building name="6">
				<Life current="150" max="150" />
				<Position x="-1536" y="1216" />
				<Rect number="1" />
				<id value="5" />
			</Ally_Building>
			<Ally_Building name="4">
				<Life current="1" max="1" />
				<Position x="-1376" y="1360" />
				<Rect number="0" />
				<id value="5" />
			</Ally_Building>
			<Ally_Building name="6">
				<Life current="150" max="150" />
				<Position x="-1728" y="1376" />
				<Rect number="2" />
				<id value="5" />
			</Ally_Building>
			<Ally_Building name="6">
				<Life current="150" max="150" />
				<Position x="-1600" y="1600" />
				<Rect number="1" />
				<id value="5" />
			</Ally_Building>
		</Ally_Buildings>
		<Enemy_Buildings>
			<Enemy_Building name="6">
				<Life current="150" max="150" />
				<Position x="1856" y="1024" />
				<Rect number="1" />
				<id value="5" />
			</Enemy_Building>
			<Enemy_Building name="3">
				<Life current="200" max="200" />
				<Position x="2208" y="1232" />
				<Rect number="0" />
				<id value="5" />
			</Enemy_Building>
			<Enemy_Building name="6">
				<Life current="150" max="150" />
				<Position x="1920" y="1280" />
				<Rect number="1" />
				<id value="5" />
			</Enemy_Building>
			<Enemy_Building name="6">
				<Life current="150" max="150" />
				<Position x="2432" y="1568" />
				<Rect number="2" />
				<id value="5" />
			</Enemy_Building>
			<Enemy_Building name="6">
				<Life current="150" max="150" />
				<Position x="1568" y="1168" />
				<Rect number="2" />
				<id value="5" />
			</Enemy_Building>
			<Enemy_Building name="6">
				<Life current="150" max="150" />
				<Position x="2080" y="1456" />
				<Rect number="1" />
				<id value="5" />
			</Enemy_Building>
			<Enemy_Building name="6">
				<Life current="150" max="150" />
				<Position x="1824" y="1424" />
				<Rect number="1" />
				<id value="5" />
			</Enemy_Building>
			<Enemy_Building name="6">
				<Life current="150" max="150" />
				<Position x="-288" y="496" />
				<Rect number="3" />
				<id value="3" />
			</Enemy_Building>
			<Enemy_Building name="6">
				<Life current="150" max="150" />
				<Position x="-160" y="560" />
				<Rect number="1" />
				<id value="3" />
			</Enemy_Building>
			<Enemy_Building name="6">
				<Life current="150" max="150" />
				<Position x="2112" y="1696" />
				<Rect number="3" />
				<id value="5" />
			</Enemy_Building>
			<Enemy_Building name="6">
				<Life current="150" max="150" />
				<Position x="352" y="1776" />
				<Rect number="1" />
				<id value="5" />
			</Enemy_Building>
			<Enemy_Building name="8">
				<Life current="200" max="200" />
				<Position x="416" y="1968" />
				<Rect number="0" />
				<id value="5" />
			</Enemy_Building>
			<Enemy_Building name="10">
				<Life current="200" max="200" />
				<Position x="736" y="2960" />
				<Rect number="0" />
				<id value="5" />
			</Enemy_Building>
			<Enemy_Building name="8">
				<Life current="200" max="200" />
				<Position x="448" y="2944" />
				<Rect number="0" />
				<id value="5" />
			</Enemy_Building>
			<Enemy_Building name="6">
				<Life current="150" max="150" />
				<Position x="256" y="2976" />
				<Rect number="3" />
				<id value="5" />
			</Enemy_Building>
		</Enemy_Buildings>
		<Objects />
	</entities>
	<player>
		<Hero>
			<Position x="-1664" y="2208" />
			<Stats current_hp="100" max_hp="100" damage="20" armor="10" pierce_armor="0" />
			<Misc level_up_Points="0" gold="0" human_resources="0" max_human_resources="4" />
		</Hero>
		<Allies />
		<First_Ability ability="2" />
	</player>
	<scene />
	<Questmanager>
		<Current_Quest ID="0" Progress="0" />
		<Dialogues>
			<id value="0" />
			<NPCstate value="0" />
			<DialogueStep value="0" />
		</Dialogues>
	</Questmanager>
	<Minimap />
	<gui />
	<renderer>
		<camera x="2200" y="-1850" />
	</renderer>
	<video />
</game_state>
