<units>
  <!--XML STRUCTURE
  <unit type="">
    <texture value=""/>
    <cost value=""/>
    <speed value=""/>
    <damage value=""/>
    <armor value=""/>
    <pierce_armor value=""/>
    <range value=""/>
    <life value=""/>
    <collision_box w="" h="" offset_x="" offset_y=""/>
    <animations>
      <idle speed="" w="" h="" offset_x="" offset_y="">
        <south>
          <rect x="" y=""/>
        </south>
        <south_west>
          <rect x="" y=""/>
        </south_west>
        <west>
          <rect x="" y=""/>
        </west>
        <north_west>
          <rect x="" y=""/>
        </north_west>
        <north>
          <rect x="" y=""/>
        </north>
      </idle>
      <walk speed="" w="" h="" offset_x="" offset_y="">
        <south>
          <rect x="" y=""/>
        </south>
        <south_west>
          <rect x="" y=""/>
        </south_west>
        <west>
          <rect x="" y=""/>
        </west>
        <north_west>
          <rect x="" y=""/>
        </north_west>
        <north>
          <rect x="" y=""/>
        </north>
      </walk>
      <attack speed="" w="" h="" offset_x="" offset_y="">
        <south>
          <rect x="" y=""/>
        </south>
        <south_west>
          <rect x="" y=""/>
        </south_west>
        <west>
          <rect x="" y=""/>
        </west>
        <north_west>
          <rect x="" y=""/>
        </north_west>
        <north>
          <rect x="" y=""/>
        </north>
      </attack>
      <death speed="" w="" h="" offset_x="" offset_y="">
        <south>
          <rect x="" y=""/>
        </south>
        <south_west>
          <rect x="" y=""/>
        </south_west>
        <west>
          <rect x="" y=""/>
        </west>
        <north_west>
          <rect x="" y=""/>
        </north_west>
        <north>
          <rect x="" y=""/>
        </north>
      </death>
      <decompose speed="" w="" h="" offset_x="" offset_y="">
        <south>
          <rect x="" y=""/>
        </south>
        <south_west>
          <rect x="" y=""/>
        </south_west>
        <west>
          <rect x="" y=""/>
        </west>
        <north_west>
          <rect x="" y=""/>
        </north_west>
        <north>
          <rect x="" y=""/>
        </north>
      </decompose>
    </animations>
  </unit>
  -->
  <unit type="Hero">
    <texture value="textures/Hero.png"/>
    <cost value="0"/>
    <human_cost value="0"/>
    <speed value="2"/>
    <damage value="20"/>
    <armor value="10"/>
    <pierce_armor value="0"/>
    <range value="1"/>
    <life value="100"/>
    <radius_of_action value="7"/>
    <collision_box w="22" h="45" offset_x="-8" offset_y="-23"/>
    <animations>
      <!--10 23-->
      <idle speed="10" w="29" h="48" offset_x="10" offset_y="23" offset_flip="">
        <south>
          <rect x="0" y="0"/>
          <rect x="30" y="0"/>
          <rect x="60" y="0"/>
          <rect x="90" y="0"/>
          <rect x="120" y="0"/>
          <rect x="150" y="0"/>
          <rect x="180" y="0"/>
          <rect x="210" y="0"/>
          <rect x="240" y="0"/>
          <rect x="270" y="0"/>
        </south>
        <south_west>
          <rect x="0" y="49"/>
          <rect x="30" y="49"/>
          <rect x="60" y="49"/>
          <rect x="90" y="49"/>
          <rect x="120" y="49"/>
          <rect x="150" y="49"/>
          <rect x="180" y="49"/>
          <rect x="210" y="49"/>
          <rect x="240" y="49"/>
          <rect x="270" y="49"/>
        </south_west>
        <west>
          <rect x="0" y="98"/>
          <rect x="30" y="98"/>
          <rect x="60" y="98"/>
          <rect x="90" y="98"/>
          <rect x="120" y="98"/>
          <rect x="150" y="98"/>
          <rect x="180" y="98"/>
          <rect x="210" y="98"/>
          <rect x="240" y="98"/>
          <rect x="270" y="98"/>
        </west>
        <north_west>
          <rect x="0" y="147"/>
          <rect x="30" y="147"/>
          <rect x="60" y="147"/>
          <rect x="90" y="147"/>
          <rect x="120" y="147"/>
          <rect x="150" y="147"/>
          <rect x="180" y="147"/>
          <rect x="210" y="147"/>
          <rect x="240" y="147"/>
          <rect x="270" y="147"/>
        </north_west>
        <north>
          <rect x="0" y="196"/>
          <rect x="30" y="196"/>
          <rect x="60" y="196"/>
          <rect x="90" y="196"/>
          <rect x="120" y="196"/>
          <rect x="150" y="196"/>
          <rect x="180" y="196"/>
          <rect x="210" y="196"/>
          <rect x="240" y="196"/>
          <rect x="270" y="196"/>
        </north>
      </idle>
      <move speed="10" w="31" h="50" offset_x="10" offset_y="23" offset_flip="">
        <south>
          <rect x="0" y="245"/>
          <rect x="32" y="245"/>
          <rect x="64" y="245"/>
          <rect x="96" y="245"/>
          <rect x="128" y="245"/>
          <rect x="160" y="245"/>
          <rect x="192" y="245"/>
          <rect x="224" y="245"/>
          <rect x="256" y="245"/>
          <rect x="288" y="245"/>
        </south>
        <south_west>
          <rect x="0" y="296"/>
          <rect x="32" y="296"/>
          <rect x="64" y="296"/>
          <rect x="96" y="296"/>
          <rect x="128" y="296"/>
          <rect x="160" y="296"/>
          <rect x="192" y="296"/>
          <rect x="224" y="296"/>
          <rect x="256" y="296"/>
          <rect x="288" y="296"/>
        </south_west>
        <west>
          <rect x="0" y="347"/>
          <rect x="32" y="347"/>
          <rect x="64" y="347"/>
          <rect x="96" y="347"/>
          <rect x="128" y="347"/>
          <rect x="160" y="347"/>
          <rect x="192" y="347"/>
          <rect x="224" y="347"/>
          <rect x="256" y="347"/>
          <rect x="288" y="347"/>
        </west>
        <north_west>
          <rect x="0" y="398"/>
          <rect x="32" y="398"/>
          <rect x="64" y="398"/>
          <rect x="96" y="398"/>
          <rect x="128" y="398"/>
          <rect x="160" y="398"/>
          <rect x="192" y="398"/>
          <rect x="224" y="398"/>
          <rect x="256" y="398"/>
          <rect x="288" y="398"/>
        </north_west>
        <north>
          <rect x="0" y="449"/>
          <rect x="32" y="449"/>
          <rect x="64" y="449"/>
          <rect x="96" y="449"/>
          <rect x="128" y="449"/>
          <rect x="160" y="449"/>
          <rect x="192" y="449"/>
          <rect x="224" y="449"/>
          <rect x="256" y="449"/>
          <rect x="288" y="449"/>
        </north>
      </move>
      <attack speed="10" w="56" h="73" offset_x="36" offset_y="35" offset_flip="-17">
        <south>
          <rect x="0" y="500"/>
          <rect x="57" y="500"/>
          <rect x="114" y="500"/>
          <rect x="171" y="500"/>
          <rect x="228" y="500"/>
          <rect x="285" y="500"/>
          <rect x="342" y="500"/>
          <rect x="399" y="500"/>
          <rect x="456" y="500"/>
          <rect x="513" y="500"/>
          <rect x="570" y="500"/>
          <rect x="627" y="500"/>
          <rect x="684" y="500"/>
          <rect x="741" y="500"/>
          <rect x="798" y="500"/>
        </south>
        <south_west>
          <rect x="0" y="574"/>
          <rect x="57" y="574"/>
          <rect x="114" y="574"/>
          <rect x="171" y="574"/>
          <rect x="228" y="574"/>
          <rect x="285" y="574"/>
          <rect x="342" y="574"/>
          <rect x="399" y="574"/>
          <rect x="456" y="574"/>
          <rect x="513" y="574"/>
          <rect x="570" y="574"/>
          <rect x="627" y="574"/>
          <rect x="684" y="574"/>
          <rect x="741" y="574"/>
          <rect x="798" y="574"/>
        </south_west>
        <west>
          <rect x="0" y="648"/>
          <rect x="57" y="648"/>
          <rect x="114" y="648"/>
          <rect x="171" y="648"/>
          <rect x="228" y="648"/>
          <rect x="285" y="648"/>
          <rect x="342" y="648"/>
          <rect x="399" y="648"/>
          <rect x="456" y="648"/>
          <rect x="513" y="648"/>
          <rect x="570" y="648"/>
          <rect x="627" y="648"/>
          <rect x="684" y="648"/>
          <rect x="741" y="648"/>
          <rect x="798" y="648"/>
        </west>
        <north_west>
          <rect x="0" y="722"/>
          <rect x="57" y="722"/>
          <rect x="114" y="722"/>
          <rect x="171" y="722"/>
          <rect x="228" y="722"/>
          <rect x="285" y="722"/>
          <rect x="342" y="722"/>
          <rect x="399" y="722"/>
          <rect x="456" y="722"/>
          <rect x="513" y="722"/>
          <rect x="570" y="722"/>
          <rect x="627" y="722"/>
          <rect x="684" y="722"/>
          <rect x="741" y="722"/>
          <rect x="798" y="722"/>
        </north_west>
        <north>
          <rect x="0" y="796"/>
          <rect x="57" y="796"/>
          <rect x="114" y="796"/>
          <rect x="171" y="796"/>
          <rect x="228" y="796"/>
          <rect x="285" y="796"/>
          <rect x="342" y="796"/>
          <rect x="399" y="796"/>
          <rect x="456" y="796"/>
          <rect x="513" y="796"/>
          <rect x="570" y="796"/>
          <rect x="627" y="796"/>
          <rect x="684" y="796"/>
          <rect x="741" y="796"/>
          <rect x="798" y="796"/>
        </north>
      </attack>
      <death speed="10" w="94" h="82" offset_x="28" offset_y="27" offset_flip="35">
        <south>
          <rect x="0" y="870"/>
          <rect x="95" y="870"/>
          <rect x="190" y="870"/>
          <rect x="285" y="870"/>
          <rect x="380" y="870"/>
          <rect x="475" y="870"/>
          <rect x="570" y="870"/>
          <rect x="665" y="870"/>
          <rect x="760" y="870"/>
          <rect x="855" y="870"/>
          <rect x="950" y="870"/>
          <rect x="1045" y="870"/>
          <rect x="1140" y="870"/>
          <rect x="1235" y="870"/>
          <rect x="1330" y="870"/>
        </south>
        <south_west>
          <rect x="0" y="953"/>
          <rect x="95" y="953"/>
          <rect x="190" y="953"/>
          <rect x="285" y="953"/>
          <rect x="380" y="953"/>
          <rect x="475" y="953"/>
          <rect x="570" y="953"/>
          <rect x="665" y="953"/>
          <rect x="760" y="953"/>
          <rect x="855" y="953"/>
          <rect x="950" y="953"/>
          <rect x="1045" y="953"/>
          <rect x="1140" y="953"/>
          <rect x="1235" y="953"/>
          <rect x="1330" y="953"/>
        </south_west>
        <west>
          <rect x="0" y="1036"/>
          <rect x="95" y="1036"/>
          <rect x="190" y="1036"/>
          <rect x="285" y="1036"/>
          <rect x="380" y="1036"/>
          <rect x="475" y="1036"/>
          <rect x="570" y="1036"/>
          <rect x="665" y="1036"/>
          <rect x="760" y="1036"/>
          <rect x="855" y="1036"/>
          <rect x="950" y="1036"/>
          <rect x="1045" y="1036"/>
          <rect x="1140" y="1036"/>
          <rect x="1235" y="1036"/>
          <rect x="1330" y="1036"/>
        </west>
        <north_west>
          <rect x="0" y="1119"/>
          <rect x="95" y="1119"/>
          <rect x="190" y="1119"/>
          <rect x="285" y="1119"/>
          <rect x="380" y="1119"/>
          <rect x="475" y="1119"/>
          <rect x="570" y="1119"/>
          <rect x="665" y="1119"/>
          <rect x="760" y="1119"/>
          <rect x="855" y="1119"/>
          <rect x="950" y="1119"/>
          <rect x="1045" y="1119"/>
          <rect x="1140" y="1119"/>
          <rect x="1235" y="1119"/>
          <rect x="1330" y="1119"/>
        </north_west>
        <north>
          <rect x="0" y="1202"/>
          <rect x="95" y="1202"/>
          <rect x="190" y="1202"/>
          <rect x="285" y="1202"/>
          <rect x="380" y="1202"/>
          <rect x="475" y="1202"/>
          <rect x="570" y="1202"/>
          <rect x="665" y="1202"/>
          <rect x="760" y="1202"/>
          <rect x="855" y="1202"/>
          <rect x="950" y="1202"/>
          <rect x="1045" y="1202"/>
          <rect x="1140" y="1202"/>
          <rect x="1235" y="1202"/>
          <rect x="1330" y="1202"/>
        </north>
      </death>
      <decompose speed="3" w="86" h="67" offset_x="23" offset_y="15" offset_flip="38">
        <south>
          <rect x="0" y="1285"/>
          <rect x="87" y="1285"/>
          <rect x="174" y="1285"/>
          <rect x="261" y="1285"/>
          <rect x="348" y="1285"/>
        </south>
        <south_west>
          <rect x="0" y="1353"/>
          <rect x="87" y="1353"/>
          <rect x="174" y="1353"/>
          <rect x="261" y="1353"/>
          <rect x="348" y="1353"/>
        </south_west>
        <west>
          <rect x="0" y="1421"/>
          <rect x="87" y="1421"/>
          <rect x="174" y="1421"/>
          <rect x="261" y="1421"/>
          <rect x="348" y="1421"/>
        </west>
        <north_west>
          <rect x="0" y="1489"/>
          <rect x="87" y="1489"/>
          <rect x="174" y="1489"/>
          <rect x="261" y="1489"/>
          <rect x="348" y="1489"/>
        </north_west>
        <north>
          <rect x="0" y="1557"/>
          <rect x="87" y="1557"/>
          <rect x="174" y="1557"/>
          <rect x="261" y="1557"/>
          <rect x="348" y="1557"/>
        </north>
      </decompose>
    </animations>
  </unit>
  <unit type="Swordsman_enemy">
    <texture value="textures/Swordsman_enemy.png"/>
    <gold_drop value="20"/>
    <speed value="2"/>
    <damage value="20"/>
    <armor value="5"/>
    <pierce_armor value="5"/>
    <range value="1"/>
    <life value="50"/>
    <radius_of_action value="5"/>
    <collision_box w="22" h="45" offset_x="-8" offset_y="-23"/>
    <animations>
      <idle speed="8" w="51" h="62" offset_x="28" offset_y="34" offset_flip="-6">
        <south>
          <rect x="0" y="0"/>
          <rect x="52" y="0"/>
          <rect x="104" y="0"/>
          <rect x="156" y="0"/>
          <rect x="208" y="0"/>
          <rect x="260" y="0"/>
          <rect x="312" y="0"/>
          <rect x="364" y="0"/>
          <rect x="416" y="0"/>
          <rect x="468" y="0"/>
        </south>
        <south_west>
          <rect x="0" y="64"/>
          <rect x="52" y="64"/>
          <rect x="104" y="64"/>
          <rect x="156" y="64"/>
          <rect x="208" y="64"/>
          <rect x="260" y="64"/>
          <rect x="312" y="64"/>
          <rect x="364" y="64"/>
          <rect x="416" y="64"/>
          <rect x="468" y="64"/>
        </south_west>
        <west>
          <rect x="0" y="127"/>
          <rect x="52" y="127"/>
          <rect x="104" y="127"/>
          <rect x="156" y="127"/>
          <rect x="208" y="127"/>
          <rect x="260" y="127"/>
          <rect x="312" y="127"/>
          <rect x="364" y="127"/>
          <rect x="416" y="127"/>
          <rect x="468" y="127"/>
        </west>
        <north_west>
          <rect x="0" y="190"/>
          <rect x="52" y="190"/>
          <rect x="104" y="190"/>
          <rect x="156" y="190"/>
          <rect x="208" y="190"/>
          <rect x="260" y="190"/>
          <rect x="312" y="190"/>
          <rect x="364" y="190"/>
          <rect x="416" y="190"/>
          <rect x="468" y="190"/>
        </north_west>
        <north>
          <rect x="0" y="253"/>
          <rect x="52" y="253"/>
          <rect x="104" y="253"/>
          <rect x="156" y="253"/>
          <rect x="208" y="253"/>
          <rect x="260" y="253"/>
          <rect x="312" y="253"/>
          <rect x="364" y="253"/>
          <rect x="416" y="253"/>
          <rect x="468" y="253"/>
        </north>
      </idle>
      <move speed="10" w="36" h="63" offset_x="15" offset_y="35" offset_flip="">
        <south>
          <rect x="0" y="316"/>
          <rect x="37" y="316"/>
          <rect x="74" y="316"/>
          <rect x="111" y="316"/>
          <rect x="148" y="316"/>
          <rect x="185" y="316"/>
          <rect x="222" y="316"/>
          <rect x="259" y="316"/>
          <rect x="296" y="316"/>
          <rect x="333" y="316"/>
        </south>
        <south_west>
          <rect x="0" y="381"/>
          <rect x="37" y="381"/>
          <rect x="74" y="381"/>
          <rect x="111" y="381"/>
          <rect x="148" y="381"/>
          <rect x="185" y="381"/>
          <rect x="222" y="381"/>
          <rect x="259" y="381"/>
          <rect x="296" y="381"/>
          <rect x="333" y="381"/>
        </south_west>
        <west>
          <rect x="0" y="445"/>
          <rect x="37" y="445"/>
          <rect x="74" y="445"/>
          <rect x="111" y="445"/>
          <rect x="148" y="445"/>
          <rect x="185" y="445"/>
          <rect x="222" y="445"/>
          <rect x="259" y="445"/>
          <rect x="296" y="445"/>
          <rect x="333" y="445"/>
        </west>
        <north_west>
          <rect x="0" y="509"/>
          <rect x="37" y="509"/>
          <rect x="74" y="509"/>
          <rect x="111" y="509"/>
          <rect x="148" y="509"/>
          <rect x="185" y="509"/>
          <rect x="222" y="509"/>
          <rect x="259" y="509"/>
          <rect x="296" y="509"/>
          <rect x="333" y="509"/>
        </north_west>
        <north>
          <rect x="0" y="573"/>
          <rect x="37" y="573"/>
          <rect x="74" y="573"/>
          <rect x="111" y="573"/>
          <rect x="148" y="573"/>
          <rect x="185" y="573"/>
          <rect x="222" y="573"/>
          <rect x="259" y="573"/>
          <rect x="296" y="573"/>
          <rect x="333" y="573"/>
        </north>
      </move>
      <attack speed="15" w="85" h="80" offset_x="36" offset_y="35" offset_flip="-17">
        <south>
          <rect x = "0" y = "637"/>
          <rect x = "86" y = "637"/>
          <rect x = "172" y = "637"/>
          <rect x = "258" y = "637"/>
          <rect x = "344" y = "637"/>
          <rect x = "430" y = "637"/>
          <rect x = "516" y = "637"/>
          <rect x = "602" y = "637"/>
          <rect x = "688" y = "637"/>
          <rect x = "774" y = "637"/>
        </south>
        <south_west>
          <rect x = "0" y = "719"/>
          <rect x = "86" y = "719"/>
          <rect x = "172" y = "719"/>
          <rect x = "258" y = "719"/>
          <rect x = "344" y = "719"/>
          <rect x = "430" y = "719"/>
          <rect x = "516" y = "719"/>
          <rect x = "602" y = "719"/>
          <rect x = "688" y = "719"/>
          <rect x = "774" y = "719"/>
        </south_west>
        <west>
          <rect x = "0" y = "800"/>
          <rect x = "86" y = "800"/>
          <rect x = "172" y = "800"/>
          <rect x = "258" y = "800"/>
          <rect x = "344" y = "800"/>
          <rect x = "430" y = "800"/>
          <rect x = "516" y = "800"/>
          <rect x = "602" y = "800"/>
          <rect x = "688" y = "800"/>
          <rect x = "774" y = "800"/>
        </west>
        <north_west>
          <rect x = "0" y = "881"/>
          <rect x = "86" y = "881"/>
          <rect x = "172" y = "881"/>
          <rect x = "258" y = "881"/>
          <rect x = "344" y = "881"/>
          <rect x = "430" y = "881"/>
          <rect x = "516" y = "881"/>
          <rect x = "602" y = "881"/>
          <rect x = "688" y = "881"/>
          <rect x = "774" y = "881"/>
        </north_west>
        <north>
          <rect x = "0" y = "962"/>
          <rect x = "86" y = "962"/>
          <rect x = "172" y = "962"/>
          <rect x = "258" y = "962"/>
          <rect x = "344" y = "962"/>
          <rect x = "430" y = "962"/>
          <rect x = "516" y = "962"/>
          <rect x = "602" y = "962"/>
          <rect x = "688" y = "962"/>
          <rect x = "774" y = "962"/>
        </north>
      </attack>
      <death speed="15" w="109" h="72" offset_x="28" offset_y="27" offset_flip="35">
        <south>
          <rect x = "0" y = "1043"/>
          <rect x = "110" y = "1043"/>
          <rect x = "220" y = "1043"/>
          <rect x = "330" y = "1043"/>
          <rect x = "440" y = "1043"/>
          <rect x = "550" y = "1043"/>
          <rect x = "660" y = "1043"/>
          <rect x = "770" y = "1043"/>
          <rect x = "880" y = "1043"/>
          <rect x = "990" y = "1043"/>
        </south>
        <south_west>
          <rect x = "0" y = "1117"/>
          <rect x = "110" y = "1117"/>
          <rect x = "220" y = "1117"/>
          <rect x = "330" y = "1117"/>
          <rect x = "440" y = "1117"/>
          <rect x = "550" y = "1117"/>
          <rect x = "660" y = "1117"/>
          <rect x = "770" y = "1117"/>
          <rect x = "880" y = "1117"/>
          <rect x = "990" y = "1117"/>
        </south_west>
        <west>
          <rect x = "0" y = "1190"/>
          <rect x = "110" y = "1190"/>
          <rect x = "220" y = "1190"/>
          <rect x = "330" y = "1190"/>
          <rect x = "440" y = "1190"/>
          <rect x = "550" y = "1190"/>
          <rect x = "660" y = "1190"/>
          <rect x = "770" y = "1190"/>
          <rect x = "880" y = "1190"/>
          <rect x = "990" y = "1190"/>
        </west>
        <north_west>
          <rect x = "0" y = "1263"/>
          <rect x = "110" y = "1263"/>
          <rect x = "220" y = "1263"/>
          <rect x = "330" y = "1263"/>
          <rect x = "440" y = "1263"/>
          <rect x = "550" y = "1263"/>
          <rect x = "660" y = "1263"/>
          <rect x = "770" y = "1263"/>
          <rect x = "880" y = "1263"/>
          <rect x = "990" y = "1263"/>
        </north_west>
        <north>
          <rect x = "0" y = "1336"/>
          <rect x = "110" y = "1336"/>
          <rect x = "220" y = "1336"/>
          <rect x = "330" y = "1336"/>
          <rect x = "440" y = "1336"/>
          <rect x = "550" y = "1336"/>
          <rect x = "660" y = "1336"/>
          <rect x = "770" y = "1336"/>
          <rect x = "880" y = "1336"/>
          <rect x = "990" y = "1336"/>
        </north>
      </death>
      <decompose speed="3" w="107" h="42" offset_x="20" offset_y="" offset_flip="40">
        <south>
          <rect x = "0" y = "1409"/>
          <rect x = "108" y = "1409"/>
          <rect x = "216" y = "1409"/>
          <rect x = "324" y = "1409"/>
          <rect x = "432" y = "1409"/>
        </south>
        <south_west>
          <rect x = "0" y = "1452"/>
          <rect x = "108" y = "1452"/>
          <rect x = "216" y = "1452"/>
          <rect x = "324" y = "1452"/>
          <rect x = "432" y = "1452"/>
        </south_west>
        <west>
          <rect x = "0" y = "1494"/>
          <rect x = "108" y = "1494"/>
          <rect x = "216" y = "1494"/>
          <rect x = "324" y = "1494"/>
          <rect x = "432" y = "1494"/>
        </west>
        <north_west>
          <rect x = "0" y = "1536"/>
          <rect x = "108" y = "1536"/>
          <rect x = "216" y = "1536"/>
          <rect x = "324" y = "1536"/>
          <rect x = "432" y = "1536"/>
        </north_west>
        <north>
          <rect x = "0" y = "1578"/>
          <rect x = "108" y = "1578"/>
          <rect x = "216" y = "1578"/>
          <rect x = "324" y = "1578"/>
          <rect x = "432" y = "1578"/>
        </north>
      </decompose>
    </animations>
  </unit>
  <unit type="Swordsman_ally">
    <texture value="textures/Swordsman_ally.png"/>
    <cost value="10"/>
    <human_cost value="2"/>
    <speed value="2"/>
    <damage value="20"/>
    <armor value="5"/>
    <pierce_armor value="5"/>
    <range value="1"/>
    <life value="50"/>
    <radius_of_action value="5"/>
    <collision_box w="22" h="45" offset_x="-8" offset_y="-23"/>
    <animations>
      <idle speed="8" w="51" h="62" offset_x="28" offset_y="34" offset_flip="-6">
        <south>
          <rect x="0" y="0"/>
          <rect x="52" y="0"/>
          <rect x="104" y="0"/>
          <rect x="156" y="0"/>
          <rect x="208" y="0"/>
          <rect x="260" y="0"/>
          <rect x="312" y="0"/>
          <rect x="364" y="0"/>
          <rect x="416" y="0"/>
          <rect x="468" y="0"/>
        </south>
        <south_west>
          <rect x="0" y="64"/>
          <rect x="52" y="64"/>
          <rect x="104" y="64"/>
          <rect x="156" y="64"/>
          <rect x="208" y="64"/>
          <rect x="260" y="64"/>
          <rect x="312" y="64"/>
          <rect x="364" y="64"/>
          <rect x="416" y="64"/>
          <rect x="468" y="64"/>
        </south_west>
        <west>
          <rect x="0" y="127"/>
          <rect x="52" y="127"/>
          <rect x="104" y="127"/>
          <rect x="156" y="127"/>
          <rect x="208" y="127"/>
          <rect x="260" y="127"/>
          <rect x="312" y="127"/>
          <rect x="364" y="127"/>
          <rect x="416" y="127"/>
          <rect x="468" y="127"/>
        </west>
        <north_west>
          <rect x="0" y="190"/>
          <rect x="52" y="190"/>
          <rect x="104" y="190"/>
          <rect x="156" y="190"/>
          <rect x="208" y="190"/>
          <rect x="260" y="190"/>
          <rect x="312" y="190"/>
          <rect x="364" y="190"/>
          <rect x="416" y="190"/>
          <rect x="468" y="190"/>
        </north_west>
        <north>
          <rect x="0" y="253"/>
          <rect x="52" y="253"/>
          <rect x="104" y="253"/>
          <rect x="156" y="253"/>
          <rect x="208" y="253"/>
          <rect x="260" y="253"/>
          <rect x="312" y="253"/>
          <rect x="364" y="253"/>
          <rect x="416" y="253"/>
          <rect x="468" y="253"/>
        </north>
      </idle>
      <move speed="10" w="36" h="63" offset_x="15" offset_y="35" offset_flip="">
        <south>
          <rect x="0" y="316"/>
          <rect x="37" y="316"/>
          <rect x="74" y="316"/>
          <rect x="111" y="316"/>
          <rect x="148" y="316"/>
          <rect x="185" y="316"/>
          <rect x="222" y="316"/>
          <rect x="259" y="316"/>
          <rect x="296" y="316"/>
          <rect x="333" y="316"/>
        </south>
        <south_west>
          <rect x="0" y="381"/>
          <rect x="37" y="381"/>
          <rect x="74" y="381"/>
          <rect x="111" y="381"/>
          <rect x="148" y="381"/>
          <rect x="185" y="381"/>
          <rect x="222" y="381"/>
          <rect x="259" y="381"/>
          <rect x="296" y="381"/>
          <rect x="333" y="381"/>
        </south_west>
        <west>
          <rect x="0" y="445"/>
          <rect x="37" y="445"/>
          <rect x="74" y="445"/>
          <rect x="111" y="445"/>
          <rect x="148" y="445"/>
          <rect x="185" y="445"/>
          <rect x="222" y="445"/>
          <rect x="259" y="445"/>
          <rect x="296" y="445"/>
          <rect x="333" y="445"/>
        </west>
        <north_west>
          <rect x="0" y="509"/>
          <rect x="37" y="509"/>
          <rect x="74" y="509"/>
          <rect x="111" y="509"/>
          <rect x="148" y="509"/>
          <rect x="185" y="509"/>
          <rect x="222" y="509"/>
          <rect x="259" y="509"/>
          <rect x="296" y="509"/>
          <rect x="333" y="509"/>
        </north_west>
        <north>
          <rect x="0" y="573"/>
          <rect x="37" y="573"/>
          <rect x="74" y="573"/>
          <rect x="111" y="573"/>
          <rect x="148" y="573"/>
          <rect x="185" y="573"/>
          <rect x="222" y="573"/>
          <rect x="259" y="573"/>
          <rect x="296" y="573"/>
          <rect x="333" y="573"/>
        </north>
      </move>
      <attack speed="15" w="85" h="80" offset_x="36" offset_y="35" offset_flip="-17">
        <south>
          <rect x = "0" y = "637"/>
          <rect x = "86" y = "637"/>
          <rect x = "172" y = "637"/>
          <rect x = "258" y = "637"/>
          <rect x = "344" y = "637"/>
          <rect x = "430" y = "637"/>
          <rect x = "516" y = "637"/>
          <rect x = "602" y = "637"/>
          <rect x = "688" y = "637"/>
          <rect x = "774" y = "637"/>
        </south>
        <south_west>
          <rect x = "0" y = "719"/>
          <rect x = "86" y = "719"/>
          <rect x = "172" y = "719"/>
          <rect x = "258" y = "719"/>
          <rect x = "344" y = "719"/>
          <rect x = "430" y = "719"/>
          <rect x = "516" y = "719"/>
          <rect x = "602" y = "719"/>
          <rect x = "688" y = "719"/>
          <rect x = "774" y = "719"/>
        </south_west>
        <west>
          <rect x = "0" y = "800"/>
          <rect x = "86" y = "800"/>
          <rect x = "172" y = "800"/>
          <rect x = "258" y = "800"/>
          <rect x = "344" y = "800"/>
          <rect x = "430" y = "800"/>
          <rect x = "516" y = "800"/>
          <rect x = "602" y = "800"/>
          <rect x = "688" y = "800"/>
          <rect x = "774" y = "800"/>
        </west>
        <north_west>
          <rect x = "0" y = "881"/>
          <rect x = "86" y = "881"/>
          <rect x = "172" y = "881"/>
          <rect x = "258" y = "881"/>
          <rect x = "344" y = "881"/>
          <rect x = "430" y = "881"/>
          <rect x = "516" y = "881"/>
          <rect x = "602" y = "881"/>
          <rect x = "688" y = "881"/>
          <rect x = "774" y = "881"/>
        </north_west>
        <north>
          <rect x = "0" y = "962"/>
          <rect x = "86" y = "962"/>
          <rect x = "172" y = "962"/>
          <rect x = "258" y = "962"/>
          <rect x = "344" y = "962"/>
          <rect x = "430" y = "962"/>
          <rect x = "516" y = "962"/>
          <rect x = "602" y = "962"/>
          <rect x = "688" y = "962"/>
          <rect x = "774" y = "962"/>
        </north>
      </attack>
      <death speed="15" w="109" h="72" offset_x="28" offset_y="27" offset_flip="35">
        <south>
          <rect x = "0" y = "1043"/>
          <rect x = "110" y = "1043"/>
          <rect x = "220" y = "1043"/>
          <rect x = "330" y = "1043"/>
          <rect x = "440" y = "1043"/>
          <rect x = "550" y = "1043"/>
          <rect x = "660" y = "1043"/>
          <rect x = "770" y = "1043"/>
          <rect x = "880" y = "1043"/>
          <rect x = "990" y = "1043"/>
        </south>
        <south_west>
          <rect x = "0" y = "1117"/>
          <rect x = "110" y = "1117"/>
          <rect x = "220" y = "1117"/>
          <rect x = "330" y = "1117"/>
          <rect x = "440" y = "1117"/>
          <rect x = "550" y = "1117"/>
          <rect x = "660" y = "1117"/>
          <rect x = "770" y = "1117"/>
          <rect x = "880" y = "1117"/>
          <rect x = "990" y = "1117"/>
        </south_west>
        <west>
          <rect x = "0" y = "1190"/>
          <rect x = "110" y = "1190"/>
          <rect x = "220" y = "1190"/>
          <rect x = "330" y = "1190"/>
          <rect x = "440" y = "1190"/>
          <rect x = "550" y = "1190"/>
          <rect x = "660" y = "1190"/>
          <rect x = "770" y = "1190"/>
          <rect x = "880" y = "1190"/>
          <rect x = "990" y = "1190"/>
        </west>
        <north_west>
          <rect x = "0" y = "1263"/>
          <rect x = "110" y = "1263"/>
          <rect x = "220" y = "1263"/>
          <rect x = "330" y = "1263"/>
          <rect x = "440" y = "1263"/>
          <rect x = "550" y = "1263"/>
          <rect x = "660" y = "1263"/>
          <rect x = "770" y = "1263"/>
          <rect x = "880" y = "1263"/>
          <rect x = "990" y = "1263"/>
        </north_west>
        <north>
          <rect x = "0" y = "1336"/>
          <rect x = "110" y = "1336"/>
          <rect x = "220" y = "1336"/>
          <rect x = "330" y = "1336"/>
          <rect x = "440" y = "1336"/>
          <rect x = "550" y = "1336"/>
          <rect x = "660" y = "1336"/>
          <rect x = "770" y = "1336"/>
          <rect x = "880" y = "1336"/>
          <rect x = "990" y = "1336"/>
        </north>
      </death>
      <decompose speed="3" w="107" h="42" offset_x="20" offset_y="" offset_flip="40">
        <south>
          <rect x = "0" y = "1409"/>
          <rect x = "108" y = "1409"/>
          <rect x = "216" y = "1409"/>
          <rect x = "324" y = "1409"/>
          <rect x = "432" y = "1409"/>
        </south>
        <south_west>
          <rect x = "0" y = "1452"/>
          <rect x = "108" y = "1452"/>
          <rect x = "216" y = "1452"/>
          <rect x = "324" y = "1452"/>
          <rect x = "432" y = "1452"/>
        </south_west>
        <west>
          <rect x = "0" y = "1494"/>
          <rect x = "108" y = "1494"/>
          <rect x = "216" y = "1494"/>
          <rect x = "324" y = "1494"/>
          <rect x = "432" y = "1494"/>
        </west>
        <north_west>
          <rect x = "0" y = "1536"/>
          <rect x = "108" y = "1536"/>
          <rect x = "216" y = "1536"/>
          <rect x = "324" y = "1536"/>
          <rect x = "432" y = "1536"/>
        </north_west>
        <north>
          <rect x = "0" y = "1578"/>
          <rect x = "108" y = "1578"/>
          <rect x = "216" y = "1578"/>
          <rect x = "324" y = "1578"/>
          <rect x = "432" y = "1578"/>
        </north>
      </decompose>
    </animations>
  </unit>
  <unit type="Swordsman_npc">
    <texture value="textures/Swordsman_npc.png"/>
    <cost value="0"/>
    <human_cost value="0"/>
    <speed value="2"/>
    <damage value="20"/>
    <armor value="5"/>
    <pierce_armor value="5"/>
    <range value="1"/>
    <life value="50"/>
    <collision_box w="22" h="45" offset_x="-8" offset_y="-23"/>
    <animations>
      <idle speed="8" w="51" h="62" offset_x="28" offset_y="34" offset_flip="-6">
        <south>
          <rect x="0" y="0"/>
          <rect x="52" y="0"/>
          <rect x="104" y="0"/>
          <rect x="156" y="0"/>
          <rect x="208" y="0"/>
          <rect x="260" y="0"/>
          <rect x="312" y="0"/>
          <rect x="364" y="0"/>
          <rect x="416" y="0"/>
          <rect x="468" y="0"/>
        </south>
        <south_west>
          <rect x="0" y="64"/>
          <rect x="52" y="64"/>
          <rect x="104" y="64"/>
          <rect x="156" y="64"/>
          <rect x="208" y="64"/>
          <rect x="260" y="64"/>
          <rect x="312" y="64"/>
          <rect x="364" y="64"/>
          <rect x="416" y="64"/>
          <rect x="468" y="64"/>
        </south_west>
        <west>
          <rect x="0" y="127"/>
          <rect x="52" y="127"/>
          <rect x="104" y="127"/>
          <rect x="156" y="127"/>
          <rect x="208" y="127"/>
          <rect x="260" y="127"/>
          <rect x="312" y="127"/>
          <rect x="364" y="127"/>
          <rect x="416" y="127"/>
          <rect x="468" y="127"/>
        </west>
        <north_west>
          <rect x="0" y="190"/>
          <rect x="52" y="190"/>
          <rect x="104" y="190"/>
          <rect x="156" y="190"/>
          <rect x="208" y="190"/>
          <rect x="260" y="190"/>
          <rect x="312" y="190"/>
          <rect x="364" y="190"/>
          <rect x="416" y="190"/>
          <rect x="468" y="190"/>
        </north_west>
        <north>
          <rect x="0" y="253"/>
          <rect x="52" y="253"/>
          <rect x="104" y="253"/>
          <rect x="156" y="253"/>
          <rect x="208" y="253"/>
          <rect x="260" y="253"/>
          <rect x="312" y="253"/>
          <rect x="364" y="253"/>
          <rect x="416" y="253"/>
          <rect x="468" y="253"/>
        </north>
      </idle>
      <move speed="10" w="36" h="63" offset_x="15" offset_y="35" offset_flip="">
        <south>
          <rect x="0" y="316"/>
          <rect x="37" y="316"/>
          <rect x="74" y="316"/>
          <rect x="111" y="316"/>
          <rect x="148" y="316"/>
          <rect x="185" y="316"/>
          <rect x="222" y="316"/>
          <rect x="259" y="316"/>
          <rect x="296" y="316"/>
          <rect x="333" y="316"/>
        </south>
        <south_west>
          <rect x="0" y="381"/>
          <rect x="37" y="381"/>
          <rect x="74" y="381"/>
          <rect x="111" y="381"/>
          <rect x="148" y="381"/>
          <rect x="185" y="381"/>
          <rect x="222" y="381"/>
          <rect x="259" y="381"/>
          <rect x="296" y="381"/>
          <rect x="333" y="381"/>
        </south_west>
        <west>
          <rect x="0" y="445"/>
          <rect x="37" y="445"/>
          <rect x="74" y="445"/>
          <rect x="111" y="445"/>
          <rect x="148" y="445"/>
          <rect x="185" y="445"/>
          <rect x="222" y="445"/>
          <rect x="259" y="445"/>
          <rect x="296" y="445"/>
          <rect x="333" y="445"/>
        </west>
        <north_west>
          <rect x="0" y="509"/>
          <rect x="37" y="509"/>
          <rect x="74" y="509"/>
          <rect x="111" y="509"/>
          <rect x="148" y="509"/>
          <rect x="185" y="509"/>
          <rect x="222" y="509"/>
          <rect x="259" y="509"/>
          <rect x="296" y="509"/>
          <rect x="333" y="509"/>
        </north_west>
        <north>
          <rect x="0" y="573"/>
          <rect x="37" y="573"/>
          <rect x="74" y="573"/>
          <rect x="111" y="573"/>
          <rect x="148" y="573"/>
          <rect x="185" y="573"/>
          <rect x="222" y="573"/>
          <rect x="259" y="573"/>
          <rect x="296" y="573"/>
          <rect x="333" y="573"/>
        </north>
      </move>
      <attack speed="15" w="85" h="80" offset_x="36" offset_y="35" offset_flip="-17">
        <south>
          <rect x = "0" y = "637"/>
          <rect x = "86" y = "637"/>
          <rect x = "172" y = "637"/>
          <rect x = "258" y = "637"/>
          <rect x = "344" y = "637"/>
          <rect x = "430" y = "637"/>
          <rect x = "516" y = "637"/>
          <rect x = "602" y = "637"/>
          <rect x = "688" y = "637"/>
          <rect x = "774" y = "637"/>
        </south>
        <south_west>
          <rect x = "0" y = "719"/>
          <rect x = "86" y = "719"/>
          <rect x = "172" y = "719"/>
          <rect x = "258" y = "719"/>
          <rect x = "344" y = "719"/>
          <rect x = "430" y = "719"/>
          <rect x = "516" y = "719"/>
          <rect x = "602" y = "719"/>
          <rect x = "688" y = "719"/>
          <rect x = "774" y = "719"/>
        </south_west>
        <west>
          <rect x = "0" y = "800"/>
          <rect x = "86" y = "800"/>
          <rect x = "172" y = "800"/>
          <rect x = "258" y = "800"/>
          <rect x = "344" y = "800"/>
          <rect x = "430" y = "800"/>
          <rect x = "516" y = "800"/>
          <rect x = "602" y = "800"/>
          <rect x = "688" y = "800"/>
          <rect x = "774" y = "800"/>
        </west>
        <north_west>
          <rect x = "0" y = "881"/>
          <rect x = "86" y = "881"/>
          <rect x = "172" y = "881"/>
          <rect x = "258" y = "881"/>
          <rect x = "344" y = "881"/>
          <rect x = "430" y = "881"/>
          <rect x = "516" y = "881"/>
          <rect x = "602" y = "881"/>
          <rect x = "688" y = "881"/>
          <rect x = "774" y = "881"/>
        </north_west>
        <north>
          <rect x = "0" y = "962"/>
          <rect x = "86" y = "962"/>
          <rect x = "172" y = "962"/>
          <rect x = "258" y = "962"/>
          <rect x = "344" y = "962"/>
          <rect x = "430" y = "962"/>
          <rect x = "516" y = "962"/>
          <rect x = "602" y = "962"/>
          <rect x = "688" y = "962"/>
          <rect x = "774" y = "962"/>
        </north>
      </attack>
      <death speed="15" w="109" h="72" offset_x="28" offset_y="27" offset_flip="35">
        <south>
          <rect x = "0" y = "1043"/>
          <rect x = "110" y = "1043"/>
          <rect x = "220" y = "1043"/>
          <rect x = "330" y = "1043"/>
          <rect x = "440" y = "1043"/>
          <rect x = "550" y = "1043"/>
          <rect x = "660" y = "1043"/>
          <rect x = "770" y = "1043"/>
          <rect x = "880" y = "1043"/>
          <rect x = "990" y = "1043"/>
        </south>
        <south_west>
          <rect x = "0" y = "1117"/>
          <rect x = "110" y = "1117"/>
          <rect x = "220" y = "1117"/>
          <rect x = "330" y = "1117"/>
          <rect x = "440" y = "1117"/>
          <rect x = "550" y = "1117"/>
          <rect x = "660" y = "1117"/>
          <rect x = "770" y = "1117"/>
          <rect x = "880" y = "1117"/>
          <rect x = "990" y = "1117"/>
        </south_west>
        <west>
          <rect x = "0" y = "1190"/>
          <rect x = "110" y = "1190"/>
          <rect x = "220" y = "1190"/>
          <rect x = "330" y = "1190"/>
          <rect x = "440" y = "1190"/>
          <rect x = "550" y = "1190"/>
          <rect x = "660" y = "1190"/>
          <rect x = "770" y = "1190"/>
          <rect x = "880" y = "1190"/>
          <rect x = "990" y = "1190"/>
        </west>
        <north_west>
          <rect x = "0" y = "1263"/>
          <rect x = "110" y = "1263"/>
          <rect x = "220" y = "1263"/>
          <rect x = "330" y = "1263"/>
          <rect x = "440" y = "1263"/>
          <rect x = "550" y = "1263"/>
          <rect x = "660" y = "1263"/>
          <rect x = "770" y = "1263"/>
          <rect x = "880" y = "1263"/>
          <rect x = "990" y = "1263"/>
        </north_west>
        <north>
          <rect x = "0" y = "1336"/>
          <rect x = "110" y = "1336"/>
          <rect x = "220" y = "1336"/>
          <rect x = "330" y = "1336"/>
          <rect x = "440" y = "1336"/>
          <rect x = "550" y = "1336"/>
          <rect x = "660" y = "1336"/>
          <rect x = "770" y = "1336"/>
          <rect x = "880" y = "1336"/>
          <rect x = "990" y = "1336"/>
        </north>
      </death>
      <decompose speed="3" w="107" h="42" offset_x="20" offset_y="" offset_flip="40">
        <south>
          <rect x = "0" y = "1409"/>
          <rect x = "108" y = "1409"/>
          <rect x = "216" y = "1409"/>
          <rect x = "324" y = "1409"/>
          <rect x = "432" y = "1409"/>
        </south>
        <south_west>
          <rect x = "0" y = "1452"/>
          <rect x = "108" y = "1452"/>
          <rect x = "216" y = "1452"/>
          <rect x = "324" y = "1452"/>
          <rect x = "432" y = "1452"/>
        </south_west>
        <west>
          <rect x = "0" y = "1494"/>
          <rect x = "108" y = "1494"/>
          <rect x = "216" y = "1494"/>
          <rect x = "324" y = "1494"/>
          <rect x = "432" y = "1494"/>
        </west>
        <north_west>
          <rect x = "0" y = "1536"/>
          <rect x = "108" y = "1536"/>
          <rect x = "216" y = "1536"/>
          <rect x = "324" y = "1536"/>
          <rect x = "432" y = "1536"/>
        </north_west>
        <north>
          <rect x = "0" y = "1578"/>
          <rect x = "108" y = "1578"/>
          <rect x = "216" y = "1578"/>
          <rect x = "324" y = "1578"/>
          <rect x = "432" y = "1578"/>
        </north>
      </decompose>
    </animations>
  </unit>
  <unit type="Barbarian_enemy">
    <texture value="textures/Barbarian_enemy.png"/>
    <gold_drop value="10"/>
    <speed value="2"/>
    <damage value="15"/>
    <armor value="0"/>
    <pierce_armor value="0"/>
    <range value="1"/>
    <life value="30"/>
    <radius_of_action value="5"/>
    <collision_box w="23" h="44" offset_x="-5" offset_y="-21"/>
    <animations>
      <!--10 23-->
      <idle speed="10" w="29" h="47" offset_x="10" offset_y="23" offset_flip="">
        <south>
          <rect x="1" y="1"/>
          <rect x="33" y="1"/>
          <rect x="65" y="1"/>
          <rect x="97" y="1"/>
          <rect x="129" y="1"/>
          <rect x="161" y="1"/>
          <rect x="193" y="1"/>
          <rect x="225" y="1"/>
          <rect x="257" y="1"/>
          <rect x="289" y="1"/>
        </south>
        <south_west>
          <rect x="1" y="51"/>
          <rect x="33" y="51"/>
          <rect x="65" y="51"/>
          <rect x="97" y="51"/>
          <rect x="129" y="51"/>
          <rect x="161" y="51"/>
          <rect x="193" y="51"/>
          <rect x="225" y="51"/>
          <rect x="257" y="51"/>
          <rect x="289" y="51"/>
        </south_west>
        <west>
          <rect x="1" y="101"/>
          <rect x="33" y="101"/>
          <rect x="65" y="101"/>
          <rect x="97" y="101"/>
          <rect x="129" y="101"/>
          <rect x="161" y="101"/>
          <rect x="193" y="101"/>
          <rect x="225" y="101"/>
          <rect x="257" y="101"/>
          <rect x="289" y="101"/>
        </west>
        <north_west>
          <rect x="1" y="151"/>
          <rect x="33" y="151"/>
          <rect x="65" y="151"/>
          <rect x="97" y="151"/>
          <rect x="129" y="151"/>
          <rect x="161" y="151"/>
          <rect x="193" y="151"/>
          <rect x="225" y="151"/>
          <rect x="257" y="151"/>
          <rect x="289" y="151"/>
        </north_west>
        <north>
          <rect x="1" y="201"/>
          <rect x="33" y="201"/>
          <rect x="65" y="201"/>
          <rect x="97" y="201"/>
          <rect x="129" y="201"/>
          <rect x="161" y="201"/>
          <rect x="193" y="201"/>
          <rect x="225" y="201"/>
          <rect x="257" y="201"/>
          <rect x="289" y="201"/>
        </north>
      </idle>
      <move speed="10" w="32" h="49" offset_x="10" offset_y="23" offset_flip="">
        <south>
          <rect x="1" y="251"/>
          <rect x="36" y="251"/>
          <rect x="71" y="251"/>
          <rect x="106" y="251"/>
          <rect x="141" y="251"/>
          <rect x="176" y="251"/>
          <rect x="211" y="251"/>
          <rect x="246" y="251"/>
          <rect x="281" y="251"/>
          <rect x="316" y="251"/>
        </south>
        <south_west>
          <rect x="1" y="303"/>
          <rect x="36" y="303"/>
          <rect x="71" y="303"/>
          <rect x="106" y="303"/>
          <rect x="141" y="303"/>
          <rect x="176" y="303"/>
          <rect x="211" y="303"/>
          <rect x="246" y="303"/>
          <rect x="281" y="303"/>
          <rect x="316" y="303"/>
        </south_west>
        <west>
          <rect x="1" y="355"/>
          <rect x="36" y="355"/>
          <rect x="71" y="355"/>
          <rect x="106" y="355"/>
          <rect x="141" y="355"/>
          <rect x="176" y="355"/>
          <rect x="211" y="355"/>
          <rect x="246" y="355"/>
          <rect x="281" y="355"/>
          <rect x="316" y="355"/>
        </west>
        <north_west>
          <rect x="1" y="407"/>
          <rect x="36" y="407"/>
          <rect x="71" y="407"/>
          <rect x="106" y="407"/>
          <rect x="141" y="407"/>
          <rect x="176" y="407"/>
          <rect x="211" y="407"/>
          <rect x="246" y="407"/>
          <rect x="281" y="407"/>
          <rect x="316" y="407"/>
        </north_west>
        <north>
          <rect x="1" y="459"/>
          <rect x="36" y="459"/>
          <rect x="71" y="459"/>
          <rect x="106" y="459"/>
          <rect x="141" y="459"/>
          <rect x="176" y="459"/>
          <rect x="211" y="459"/>
          <rect x="246" y="459"/>
          <rect x="281" y="459"/>
          <rect x="316" y="459"/>
        </north>
      </move>
      <attack speed="10" w="65" h="55" offset_x="40" offset_y="30" offset_flip="-17">
        <south>
          <rect x="1" y="511"/>
          <rect x="69" y="511"/>
          <rect x="137" y="511"/>
          <rect x="205" y="511"/>
          <rect x="273" y="511"/>
          <rect x="341" y="511"/>
          <rect x="409" y="511"/>
          <rect x="477" y="511"/>
          <rect x="545" y="511"/>
          <rect x="613" y="511"/>
          <rect x="681" y="511"/>
          <rect x="749" y="511"/>
          <rect x="817" y="511"/>
          <rect x="885" y="511"/>
          <rect x="953" y="511"/>
        </south>
        <south_west>
          <rect x="1" y="569"/>
          <rect x="69" y="569"/>
          <rect x="137" y="569"/>
          <rect x="205" y="569"/>
          <rect x="273" y="569"/>
          <rect x="341" y="569"/>
          <rect x="409" y="569"/>
          <rect x="477" y="569"/>
          <rect x="545" y="569"/>
          <rect x="613" y="569"/>
          <rect x="681" y="569"/>
          <rect x="749" y="569"/>
          <rect x="817" y="569"/>
          <rect x="885" y="569"/>
          <rect x="953" y="569"/>
        </south_west>
        <west>
          <rect x="1" y="627"/>
          <rect x="69" y="627"/>
          <rect x="137" y="627"/>
          <rect x="205" y="627"/>
          <rect x="273" y="627"/>
          <rect x="341" y="627"/>
          <rect x="409" y="627"/>
          <rect x="477" y="627"/>
          <rect x="545" y="627"/>
          <rect x="613" y="627"/>
          <rect x="681" y="627"/>
          <rect x="749" y="627"/>
          <rect x="817" y="627"/>
          <rect x="885" y="627"/>
          <rect x="953" y="627"/>
        </west>
        <north_west>
          <rect x="1" y="685"/>
          <rect x="69" y="685"/>
          <rect x="137" y="685"/>
          <rect x="205" y="685"/>
          <rect x="273" y="685"/>
          <rect x="341" y="685"/>
          <rect x="409" y="685"/>
          <rect x="477" y="685"/>
          <rect x="545" y="685"/>
          <rect x="613" y="685"/>
          <rect x="681" y="685"/>
          <rect x="749" y="685"/>
          <rect x="817" y="685"/>
          <rect x="885" y="685"/>
          <rect x="953" y="685"/>
        </north_west>
        <north>
          <rect x="1" y="743"/>
          <rect x="69" y="743"/>
          <rect x="137" y="743"/>
          <rect x="205" y="743"/>
          <rect x="273" y="743"/>
          <rect x="341" y="743"/>
          <rect x="409" y="743"/>
          <rect x="477" y="743"/>
          <rect x="545" y="743"/>
          <rect x="613" y="743"/>
          <rect x="681" y="743"/>
          <rect x="749" y="743"/>
          <rect x="817" y="743"/>
          <rect x="885" y="743"/>
          <rect x="953" y="743"/>
        </north>
      </attack>
      <death speed="10" w="82" h="72" offset_x="20" offset_y="20" offset_flip="35">
        <south>
          <rect x="1" y="801"/>
          <rect x="86" y="801"/>
          <rect x="171" y="801"/>
          <rect x="256" y="801"/>
          <rect x="341" y="801"/>
          <rect x="426" y="801"/>
          <rect x="511" y="801"/>
          <rect x="596" y="801"/>
          <rect x="681" y="801"/>
          <rect x="766" y="801"/>
          <rect x="851" y="801"/>
          <rect x="936" y="801"/>
          <rect x="1021" y="801"/>
          <rect x="1106" y="801"/>
          <rect x="1191" y="801"/>
        </south>
        <south_west>
          <rect x="1" y="876"/>
          <rect x="86" y="876"/>
          <rect x="171" y="876"/>
          <rect x="256" y="876"/>
          <rect x="341" y="876"/>
          <rect x="426" y="876"/>
          <rect x="511" y="876"/>
          <rect x="596" y="876"/>
          <rect x="681" y="876"/>
          <rect x="766" y="876"/>
          <rect x="851" y="876"/>
          <rect x="936" y="876"/>
          <rect x="1021" y="876"/>
          <rect x="1106" y="876"/>
          <rect x="1191" y="876"/>
        </south_west>
        <west>
          <rect x="1" y="951"/>
          <rect x="86" y="951"/>
          <rect x="171" y="951"/>
          <rect x="256" y="951"/>
          <rect x="341" y="951"/>
          <rect x="426" y="951"/>
          <rect x="511" y="951"/>
          <rect x="596" y="951"/>
          <rect x="681" y="951"/>
          <rect x="766" y="951"/>
          <rect x="851" y="951"/>
          <rect x="936" y="951"/>
          <rect x="1021" y="951"/>
          <rect x="1106" y="951"/>
          <rect x="1191" y="951"/>
        </west>
        <north_west>
          <rect x="1" y="1026"/>
          <rect x="86" y="1026"/>
          <rect x="171" y="1026"/>
          <rect x="256" y="1026"/>
          <rect x="341" y="1026"/>
          <rect x="426" y="1026"/>
          <rect x="511" y="1026"/>
          <rect x="596" y="1026"/>
          <rect x="681" y="1026"/>
          <rect x="766" y="1026"/>
          <rect x="851" y="1026"/>
          <rect x="936" y="1026"/>
          <rect x="1021" y="1026"/>
          <rect x="1106" y="1026"/>
          <rect x="1191" y="1026"/>
        </north_west>
        <north>
          <rect x="1" y="1101"/>
          <rect x="86" y="1101"/>
          <rect x="171" y="1101"/>
          <rect x="256" y="1101"/>
          <rect x="341" y="1101"/>
          <rect x="426" y="1101"/>
          <rect x="511" y="1101"/>
          <rect x="596" y="1101"/>
          <rect x="681" y="1101"/>
          <rect x="766" y="1101"/>
          <rect x="851" y="1101"/>
          <rect x="936" y="1101"/>
          <rect x="1021" y="1101"/>
          <rect x="1106" y="1101"/>
          <rect x="1191" y="1101"/>
        </north>
      </death>
      <decompose speed="3" w="82" h="65" offset_x="20" offset_y="12" offset_flip="40">
        <south>
          <rect x="1" y="1176"/>
          <rect x="86" y="1176"/>
          <rect x="171" y="1176"/>
          <rect x="256" y="1176"/>
          <rect x="341" y="1176"/>
        </south>
        <south_west>
          <rect x="1" y="1244"/>
          <rect x="86" y="1244"/>
          <rect x="171" y="1244"/>
          <rect x="256" y="1244"/>
          <rect x="341" y="1244"/>
        </south_west>
        <west>
          <rect x="1" y="1312"/>
          <rect x="86" y="1312"/>
          <rect x="171" y="1312"/>
          <rect x="256" y="1312"/>
          <rect x="341" y="1312"/>
        </west>
        <north_west>
          <rect x="1" y="1380"/>
          <rect x="86" y="1380"/>
          <rect x="171" y="1380"/>
          <rect x="256" y="1380"/>
          <rect x="341" y="1380"/>
        </north_west>
        <north>
          <rect x="1" y="1448"/>
          <rect x="86" y="1448"/>
          <rect x="171" y="1448"/>
          <rect x="256" y="1448"/>
          <rect x="341" y="1448"/>
        </north>
      </decompose>
    </animations>
  </unit>
  <unit type="Barbarian_ally">
    <texture value="textures/Barbarian_ally.png"/>
    <cost value="5"/>
    <human_cost value="1"/>
    <speed value="2"/>
    <damage value="15"/>
    <armor value="0"/>
    <pierce_armor value="0"/>
    <range value="1"/>
    <life value="30"/>
    <radius_of_action value="5"/>
    <collision_box w="23" h="44" offset_x="-5" offset_y="-20"/>
    <animations>
      <!--10 23-->
      <idle speed="10" w="29" h="47" offset_x="10" offset_y="23" offset_flip="">
        <south>
          <rect x="1" y="1"/>
          <rect x="33" y="1"/>
          <rect x="65" y="1"/>
          <rect x="97" y="1"/>
          <rect x="129" y="1"/>
          <rect x="161" y="1"/>
          <rect x="193" y="1"/>
          <rect x="225" y="1"/>
          <rect x="257" y="1"/>
          <rect x="289" y="1"/>
        </south>
        <south_west>
          <rect x="1" y="51"/>
          <rect x="33" y="51"/>
          <rect x="65" y="51"/>
          <rect x="97" y="51"/>
          <rect x="129" y="51"/>
          <rect x="161" y="51"/>
          <rect x="193" y="51"/>
          <rect x="225" y="51"/>
          <rect x="257" y="51"/>
          <rect x="289" y="51"/>
        </south_west>
        <west>
          <rect x="1" y="101"/>
          <rect x="33" y="101"/>
          <rect x="65" y="101"/>
          <rect x="97" y="101"/>
          <rect x="129" y="101"/>
          <rect x="161" y="101"/>
          <rect x="193" y="101"/>
          <rect x="225" y="101"/>
          <rect x="257" y="101"/>
          <rect x="289" y="101"/>
        </west>
        <north_west>
          <rect x="1" y="151"/>
          <rect x="33" y="151"/>
          <rect x="65" y="151"/>
          <rect x="97" y="151"/>
          <rect x="129" y="151"/>
          <rect x="161" y="151"/>
          <rect x="193" y="151"/>
          <rect x="225" y="151"/>
          <rect x="257" y="151"/>
          <rect x="289" y="151"/>
        </north_west>
        <north>
          <rect x="1" y="201"/>
          <rect x="33" y="201"/>
          <rect x="65" y="201"/>
          <rect x="97" y="201"/>
          <rect x="129" y="201"/>
          <rect x="161" y="201"/>
          <rect x="193" y="201"/>
          <rect x="225" y="201"/>
          <rect x="257" y="201"/>
          <rect x="289" y="201"/>
        </north>
      </idle>
      <move speed="10" w="32" h="49" offset_x="10" offset_y="23" offset_flip="">
        <south>
          <rect x="1" y="251"/>
          <rect x="36" y="251"/>
          <rect x="71" y="251"/>
          <rect x="106" y="251"/>
          <rect x="141" y="251"/>
          <rect x="176" y="251"/>
          <rect x="211" y="251"/>
          <rect x="246" y="251"/>
          <rect x="281" y="251"/>
          <rect x="316" y="251"/>
        </south>
        <south_west>
          <rect x="1" y="303"/>
          <rect x="36" y="303"/>
          <rect x="71" y="303"/>
          <rect x="106" y="303"/>
          <rect x="141" y="303"/>
          <rect x="176" y="303"/>
          <rect x="211" y="303"/>
          <rect x="246" y="303"/>
          <rect x="281" y="303"/>
          <rect x="316" y="303"/>
        </south_west>
        <west>
          <rect x="1" y="355"/>
          <rect x="36" y="355"/>
          <rect x="71" y="355"/>
          <rect x="106" y="355"/>
          <rect x="141" y="355"/>
          <rect x="176" y="355"/>
          <rect x="211" y="355"/>
          <rect x="246" y="355"/>
          <rect x="281" y="355"/>
          <rect x="316" y="355"/>
        </west>
        <north_west>
          <rect x="1" y="407"/>
          <rect x="36" y="407"/>
          <rect x="71" y="407"/>
          <rect x="106" y="407"/>
          <rect x="141" y="407"/>
          <rect x="176" y="407"/>
          <rect x="211" y="407"/>
          <rect x="246" y="407"/>
          <rect x="281" y="407"/>
          <rect x="316" y="407"/>
        </north_west>
        <north>
          <rect x="1" y="459"/>
          <rect x="36" y="459"/>
          <rect x="71" y="459"/>
          <rect x="106" y="459"/>
          <rect x="141" y="459"/>
          <rect x="176" y="459"/>
          <rect x="211" y="459"/>
          <rect x="246" y="459"/>
          <rect x="281" y="459"/>
          <rect x="316" y="459"/>
        </north>
      </move>
      <attack speed="10" w="65" h="55" offset_x="40" offset_y="30" offset_flip="-17">
        <south>
          <rect x="1" y="511"/>
          <rect x="69" y="511"/>
          <rect x="137" y="511"/>
          <rect x="205" y="511"/>
          <rect x="273" y="511"/>
          <rect x="341" y="511"/>
          <rect x="409" y="511"/>
          <rect x="477" y="511"/>
          <rect x="545" y="511"/>
          <rect x="613" y="511"/>
          <rect x="681" y="511"/>
          <rect x="749" y="511"/>
          <rect x="817" y="511"/>
          <rect x="885" y="511"/>
          <rect x="953" y="511"/>
        </south>
        <south_west>
          <rect x="1" y="569"/>
          <rect x="69" y="569"/>
          <rect x="137" y="569"/>
          <rect x="205" y="569"/>
          <rect x="273" y="569"/>
          <rect x="341" y="569"/>
          <rect x="409" y="569"/>
          <rect x="477" y="569"/>
          <rect x="545" y="569"/>
          <rect x="613" y="569"/>
          <rect x="681" y="569"/>
          <rect x="749" y="569"/>
          <rect x="817" y="569"/>
          <rect x="885" y="569"/>
          <rect x="953" y="569"/>
        </south_west>
        <west>
          <rect x="1" y="627"/>
          <rect x="69" y="627"/>
          <rect x="137" y="627"/>
          <rect x="205" y="627"/>
          <rect x="273" y="627"/>
          <rect x="341" y="627"/>
          <rect x="409" y="627"/>
          <rect x="477" y="627"/>
          <rect x="545" y="627"/>
          <rect x="613" y="627"/>
          <rect x="681" y="627"/>
          <rect x="749" y="627"/>
          <rect x="817" y="627"/>
          <rect x="885" y="627"/>
          <rect x="953" y="627"/>
        </west>
        <north_west>
          <rect x="1" y="685"/>
          <rect x="69" y="685"/>
          <rect x="137" y="685"/>
          <rect x="205" y="685"/>
          <rect x="273" y="685"/>
          <rect x="341" y="685"/>
          <rect x="409" y="685"/>
          <rect x="477" y="685"/>
          <rect x="545" y="685"/>
          <rect x="613" y="685"/>
          <rect x="681" y="685"/>
          <rect x="749" y="685"/>
          <rect x="817" y="685"/>
          <rect x="885" y="685"/>
          <rect x="953" y="685"/>
        </north_west>
        <north>
          <rect x="1" y="743"/>
          <rect x="69" y="743"/>
          <rect x="137" y="743"/>
          <rect x="205" y="743"/>
          <rect x="273" y="743"/>
          <rect x="341" y="743"/>
          <rect x="409" y="743"/>
          <rect x="477" y="743"/>
          <rect x="545" y="743"/>
          <rect x="613" y="743"/>
          <rect x="681" y="743"/>
          <rect x="749" y="743"/>
          <rect x="817" y="743"/>
          <rect x="885" y="743"/>
          <rect x="953" y="743"/>
        </north>
      </attack>
      <death speed="10" w="82" h="72" offset_x="20" offset_y="20" offset_flip="35">
        <south>
          <rect x="1" y="801"/>
          <rect x="86" y="801"/>
          <rect x="171" y="801"/>
          <rect x="256" y="801"/>
          <rect x="341" y="801"/>
          <rect x="426" y="801"/>
          <rect x="511" y="801"/>
          <rect x="596" y="801"/>
          <rect x="681" y="801"/>
          <rect x="766" y="801"/>
          <rect x="851" y="801"/>
          <rect x="936" y="801"/>
          <rect x="1021" y="801"/>
          <rect x="1106" y="801"/>
          <rect x="1191" y="801"/>
        </south>
        <south_west>
          <rect x="1" y="876"/>
          <rect x="86" y="876"/>
          <rect x="171" y="876"/>
          <rect x="256" y="876"/>
          <rect x="341" y="876"/>
          <rect x="426" y="876"/>
          <rect x="511" y="876"/>
          <rect x="596" y="876"/>
          <rect x="681" y="876"/>
          <rect x="766" y="876"/>
          <rect x="851" y="876"/>
          <rect x="936" y="876"/>
          <rect x="1021" y="876"/>
          <rect x="1106" y="876"/>
          <rect x="1191" y="876"/>
        </south_west>
        <west>
          <rect x="1" y="951"/>
          <rect x="86" y="951"/>
          <rect x="171" y="951"/>
          <rect x="256" y="951"/>
          <rect x="341" y="951"/>
          <rect x="426" y="951"/>
          <rect x="511" y="951"/>
          <rect x="596" y="951"/>
          <rect x="681" y="951"/>
          <rect x="766" y="951"/>
          <rect x="851" y="951"/>
          <rect x="936" y="951"/>
          <rect x="1021" y="951"/>
          <rect x="1106" y="951"/>
          <rect x="1191" y="951"/>
        </west>
        <north_west>
          <rect x="1" y="1026"/>
          <rect x="86" y="1026"/>
          <rect x="171" y="1026"/>
          <rect x="256" y="1026"/>
          <rect x="341" y="1026"/>
          <rect x="426" y="1026"/>
          <rect x="511" y="1026"/>
          <rect x="596" y="1026"/>
          <rect x="681" y="1026"/>
          <rect x="766" y="1026"/>
          <rect x="851" y="1026"/>
          <rect x="936" y="1026"/>
          <rect x="1021" y="1026"/>
          <rect x="1106" y="1026"/>
          <rect x="1191" y="1026"/>
        </north_west>
        <north>
          <rect x="1" y="1101"/>
          <rect x="86" y="1101"/>
          <rect x="171" y="1101"/>
          <rect x="256" y="1101"/>
          <rect x="341" y="1101"/>
          <rect x="426" y="1101"/>
          <rect x="511" y="1101"/>
          <rect x="596" y="1101"/>
          <rect x="681" y="1101"/>
          <rect x="766" y="1101"/>
          <rect x="851" y="1101"/>
          <rect x="936" y="1101"/>
          <rect x="1021" y="1101"/>
          <rect x="1106" y="1101"/>
          <rect x="1191" y="1101"/>
        </north>
      </death>
      <decompose speed="3" w="82" h="65" offset_x="20" offset_y="12" offset_flip="40">
        <south>
          <rect x="1" y="1176"/>
          <rect x="86" y="1176"/>
          <rect x="171" y="1176"/>
          <rect x="256" y="1176"/>
          <rect x="341" y="1176"/>
        </south>
        <south_west>
          <rect x="1" y="1244"/>
          <rect x="86" y="1244"/>
          <rect x="171" y="1244"/>
          <rect x="256" y="1244"/>
          <rect x="341" y="1244"/>
        </south_west>
        <west>
          <rect x="1" y="1312"/>
          <rect x="86" y="1312"/>
          <rect x="171" y="1312"/>
          <rect x="256" y="1312"/>
          <rect x="341" y="1312"/>
        </west>
        <north_west>
          <rect x="1" y="1380"/>
          <rect x="86" y="1380"/>
          <rect x="171" y="1380"/>
          <rect x="256" y="1380"/>
          <rect x="341" y="1380"/>
        </north_west>
        <north>
          <rect x="1" y="1448"/>
          <rect x="86" y="1448"/>
          <rect x="171" y="1448"/>
          <rect x="256" y="1448"/>
          <rect x="341" y="1448"/>
        </north>
      </decompose>
    </animations>
  </unit>
  <unit type="Barbarian_npc">
    <texture value="textures/Barbarian_npc.png"/>
    <cost value="0"/>
    <human_cost value="0"/>
    <speed value="2"/>
    <damage value="15"/>
    <armor value="0"/>
    <pierce_armor value="0"/>
    <range value="1"/>
    <life value="30"/>
    <collision_box w="23" h="44" offset_x="-5" offset_y="-21"/>
    <animations>
      <!--10 23-->
      <idle speed="10" w="29" h="47" offset_x="10" offset_y="23" offset_flip="">
        <south>
          <rect x="1" y="1"/>
          <rect x="33" y="1"/>
          <rect x="65" y="1"/>
          <rect x="97" y="1"/>
          <rect x="129" y="1"/>
          <rect x="161" y="1"/>
          <rect x="193" y="1"/>
          <rect x="225" y="1"/>
          <rect x="257" y="1"/>
          <rect x="289" y="1"/>
        </south>
        <south_west>
          <rect x="1" y="51"/>
          <rect x="33" y="51"/>
          <rect x="65" y="51"/>
          <rect x="97" y="51"/>
          <rect x="129" y="51"/>
          <rect x="161" y="51"/>
          <rect x="193" y="51"/>
          <rect x="225" y="51"/>
          <rect x="257" y="51"/>
          <rect x="289" y="51"/>
        </south_west>
        <west>
          <rect x="1" y="101"/>
          <rect x="33" y="101"/>
          <rect x="65" y="101"/>
          <rect x="97" y="101"/>
          <rect x="129" y="101"/>
          <rect x="161" y="101"/>
          <rect x="193" y="101"/>
          <rect x="225" y="101"/>
          <rect x="257" y="101"/>
          <rect x="289" y="101"/>
        </west>
        <north_west>
          <rect x="1" y="151"/>
          <rect x="33" y="151"/>
          <rect x="65" y="151"/>
          <rect x="97" y="151"/>
          <rect x="129" y="151"/>
          <rect x="161" y="151"/>
          <rect x="193" y="151"/>
          <rect x="225" y="151"/>
          <rect x="257" y="151"/>
          <rect x="289" y="151"/>
        </north_west>
        <north>
          <rect x="1" y="201"/>
          <rect x="33" y="201"/>
          <rect x="65" y="201"/>
          <rect x="97" y="201"/>
          <rect x="129" y="201"/>
          <rect x="161" y="201"/>
          <rect x="193" y="201"/>
          <rect x="225" y="201"/>
          <rect x="257" y="201"/>
          <rect x="289" y="201"/>
        </north>
      </idle>
      <move speed="10" w="32" h="49" offset_x="10" offset_y="23" offset_flip="">
        <south>
          <rect x="1" y="251"/>
          <rect x="36" y="251"/>
          <rect x="71" y="251"/>
          <rect x="106" y="251"/>
          <rect x="141" y="251"/>
          <rect x="176" y="251"/>
          <rect x="211" y="251"/>
          <rect x="246" y="251"/>
          <rect x="281" y="251"/>
          <rect x="316" y="251"/>
        </south>
        <south_west>
          <rect x="1" y="303"/>
          <rect x="36" y="303"/>
          <rect x="71" y="303"/>
          <rect x="106" y="303"/>
          <rect x="141" y="303"/>
          <rect x="176" y="303"/>
          <rect x="211" y="303"/>
          <rect x="246" y="303"/>
          <rect x="281" y="303"/>
          <rect x="316" y="303"/>
        </south_west>
        <west>
          <rect x="1" y="355"/>
          <rect x="36" y="355"/>
          <rect x="71" y="355"/>
          <rect x="106" y="355"/>
          <rect x="141" y="355"/>
          <rect x="176" y="355"/>
          <rect x="211" y="355"/>
          <rect x="246" y="355"/>
          <rect x="281" y="355"/>
          <rect x="316" y="355"/>
        </west>
        <north_west>
          <rect x="1" y="407"/>
          <rect x="36" y="407"/>
          <rect x="71" y="407"/>
          <rect x="106" y="407"/>
          <rect x="141" y="407"/>
          <rect x="176" y="407"/>
          <rect x="211" y="407"/>
          <rect x="246" y="407"/>
          <rect x="281" y="407"/>
          <rect x="316" y="407"/>
        </north_west>
        <north>
          <rect x="1" y="459"/>
          <rect x="36" y="459"/>
          <rect x="71" y="459"/>
          <rect x="106" y="459"/>
          <rect x="141" y="459"/>
          <rect x="176" y="459"/>
          <rect x="211" y="459"/>
          <rect x="246" y="459"/>
          <rect x="281" y="459"/>
          <rect x="316" y="459"/>
        </north>
      </move>
      <attack speed="10" w="65" h="55" offset_x="40" offset_y="30" offset_flip="-17">
        <south>
          <rect x="1" y="511"/>
          <rect x="69" y="511"/>
          <rect x="137" y="511"/>
          <rect x="205" y="511"/>
          <rect x="273" y="511"/>
          <rect x="341" y="511"/>
          <rect x="409" y="511"/>
          <rect x="477" y="511"/>
          <rect x="545" y="511"/>
          <rect x="613" y="511"/>
          <rect x="681" y="511"/>
          <rect x="749" y="511"/>
          <rect x="817" y="511"/>
          <rect x="885" y="511"/>
          <rect x="953" y="511"/>
        </south>
        <south_west>
          <rect x="1" y="569"/>
          <rect x="69" y="569"/>
          <rect x="137" y="569"/>
          <rect x="205" y="569"/>
          <rect x="273" y="569"/>
          <rect x="341" y="569"/>
          <rect x="409" y="569"/>
          <rect x="477" y="569"/>
          <rect x="545" y="569"/>
          <rect x="613" y="569"/>
          <rect x="681" y="569"/>
          <rect x="749" y="569"/>
          <rect x="817" y="569"/>
          <rect x="885" y="569"/>
          <rect x="953" y="569"/>
        </south_west>
        <west>
          <rect x="1" y="627"/>
          <rect x="69" y="627"/>
          <rect x="137" y="627"/>
          <rect x="205" y="627"/>
          <rect x="273" y="627"/>
          <rect x="341" y="627"/>
          <rect x="409" y="627"/>
          <rect x="477" y="627"/>
          <rect x="545" y="627"/>
          <rect x="613" y="627"/>
          <rect x="681" y="627"/>
          <rect x="749" y="627"/>
          <rect x="817" y="627"/>
          <rect x="885" y="627"/>
          <rect x="953" y="627"/>
        </west>
        <north_west>
          <rect x="1" y="685"/>
          <rect x="69" y="685"/>
          <rect x="137" y="685"/>
          <rect x="205" y="685"/>
          <rect x="273" y="685"/>
          <rect x="341" y="685"/>
          <rect x="409" y="685"/>
          <rect x="477" y="685"/>
          <rect x="545" y="685"/>
          <rect x="613" y="685"/>
          <rect x="681" y="685"/>
          <rect x="749" y="685"/>
          <rect x="817" y="685"/>
          <rect x="885" y="685"/>
          <rect x="953" y="685"/>
        </north_west>
        <north>
          <rect x="1" y="743"/>
          <rect x="69" y="743"/>
          <rect x="137" y="743"/>
          <rect x="205" y="743"/>
          <rect x="273" y="743"/>
          <rect x="341" y="743"/>
          <rect x="409" y="743"/>
          <rect x="477" y="743"/>
          <rect x="545" y="743"/>
          <rect x="613" y="743"/>
          <rect x="681" y="743"/>
          <rect x="749" y="743"/>
          <rect x="817" y="743"/>
          <rect x="885" y="743"/>
          <rect x="953" y="743"/>
        </north>
      </attack>
      <death speed="10" w="82" h="72" offset_x="20" offset_y="20" offset_flip="35">
        <south>
          <rect x="1" y="801"/>
          <rect x="86" y="801"/>
          <rect x="171" y="801"/>
          <rect x="256" y="801"/>
          <rect x="341" y="801"/>
          <rect x="426" y="801"/>
          <rect x="511" y="801"/>
          <rect x="596" y="801"/>
          <rect x="681" y="801"/>
          <rect x="766" y="801"/>
          <rect x="851" y="801"/>
          <rect x="936" y="801"/>
          <rect x="1021" y="801"/>
          <rect x="1106" y="801"/>
          <rect x="1191" y="801"/>
        </south>
        <south_west>
          <rect x="1" y="876"/>
          <rect x="86" y="876"/>
          <rect x="171" y="876"/>
          <rect x="256" y="876"/>
          <rect x="341" y="876"/>
          <rect x="426" y="876"/>
          <rect x="511" y="876"/>
          <rect x="596" y="876"/>
          <rect x="681" y="876"/>
          <rect x="766" y="876"/>
          <rect x="851" y="876"/>
          <rect x="936" y="876"/>
          <rect x="1021" y="876"/>
          <rect x="1106" y="876"/>
          <rect x="1191" y="876"/>
        </south_west>
        <west>
          <rect x="1" y="951"/>
          <rect x="86" y="951"/>
          <rect x="171" y="951"/>
          <rect x="256" y="951"/>
          <rect x="341" y="951"/>
          <rect x="426" y="951"/>
          <rect x="511" y="951"/>
          <rect x="596" y="951"/>
          <rect x="681" y="951"/>
          <rect x="766" y="951"/>
          <rect x="851" y="951"/>
          <rect x="936" y="951"/>
          <rect x="1021" y="951"/>
          <rect x="1106" y="951"/>
          <rect x="1191" y="951"/>
        </west>
        <north_west>
          <rect x="1" y="1026"/>
          <rect x="86" y="1026"/>
          <rect x="171" y="1026"/>
          <rect x="256" y="1026"/>
          <rect x="341" y="1026"/>
          <rect x="426" y="1026"/>
          <rect x="511" y="1026"/>
          <rect x="596" y="1026"/>
          <rect x="681" y="1026"/>
          <rect x="766" y="1026"/>
          <rect x="851" y="1026"/>
          <rect x="936" y="1026"/>
          <rect x="1021" y="1026"/>
          <rect x="1106" y="1026"/>
          <rect x="1191" y="1026"/>
        </north_west>
        <north>
          <rect x="1" y="1101"/>
          <rect x="86" y="1101"/>
          <rect x="171" y="1101"/>
          <rect x="256" y="1101"/>
          <rect x="341" y="1101"/>
          <rect x="426" y="1101"/>
          <rect x="511" y="1101"/>
          <rect x="596" y="1101"/>
          <rect x="681" y="1101"/>
          <rect x="766" y="1101"/>
          <rect x="851" y="1101"/>
          <rect x="936" y="1101"/>
          <rect x="1021" y="1101"/>
          <rect x="1106" y="1101"/>
          <rect x="1191" y="1101"/>
        </north>
      </death>
      <decompose speed="3" w="82" h="65" offset_x="20" offset_y="12" offset_flip="40">
        <south>
          <rect x="1" y="1176"/>
          <rect x="86" y="1176"/>
          <rect x="171" y="1176"/>
          <rect x="256" y="1176"/>
          <rect x="341" y="1176"/>
        </south>
        <south_west>
          <rect x="1" y="1244"/>
          <rect x="86" y="1244"/>
          <rect x="171" y="1244"/>
          <rect x="256" y="1244"/>
          <rect x="341" y="1244"/>
        </south_west>
        <west>
          <rect x="1" y="1312"/>
          <rect x="86" y="1312"/>
          <rect x="171" y="1312"/>
          <rect x="256" y="1312"/>
          <rect x="341" y="1312"/>
        </west>
        <north_west>
          <rect x="1" y="1380"/>
          <rect x="86" y="1380"/>
          <rect x="171" y="1380"/>
          <rect x="256" y="1380"/>
          <rect x="341" y="1380"/>
        </north_west>
        <north>
          <rect x="1" y="1448"/>
          <rect x="86" y="1448"/>
          <rect x="171" y="1448"/>
          <rect x="256" y="1448"/>
          <rect x="341" y="1448"/>
        </north>
      </decompose>
    </animations>
  </unit>
  <unit type="Axe_Knight_Boss">
    <texture value="textures/Axe_Knight_Boss.png"/>
    <speed value="2"/>
    <damage value="30"/>
    <armor value="8"/>
    <pierce_armor value="5"/>
    <range value="1"/>
    <life value="500"/>
    <radius_of_action value="7"/>
    <collision_box w="33" h="45" offset_x="-17" offset_y="-25"/>
    <animations>
      <idle speed="10" w="48" h="53" offset_x="24" offset_y="26">
        <south>
          <rect x="0" y="0"/>
          <rect x="49" y="0"/>
          <rect x="98" y="0"/>
          <rect x="147" y="0"/>
          <rect x="196" y="0"/>
          <rect x="245" y="0"/>
          <rect x="294" y="0"/>
          <rect x="343" y="0"/>
          <rect x="392" y="0"/>
          <rect x="441" y="0"/>
        </south>
        <south_west>
          <rect x="0" y="54"/>
          <rect x="49" y="54"/>
          <rect x="98" y="54"/>
          <rect x="147" y="54"/>
          <rect x="196" y="54"/>
          <rect x="245" y="54"/>
          <rect x="294" y="54"/>
          <rect x="343" y="54"/>
          <rect x="392" y="54"/>
          <rect x="441" y="54"/>
        </south_west>
        <west>
          <rect x="0" y="108"/>
          <rect x="49" y="108"/>
          <rect x="98" y="108"/>
          <rect x="147" y="108"/>
          <rect x="196" y="108"/>
          <rect x="245" y="108"/>
          <rect x="294" y="108"/>
          <rect x="343" y="108"/>
          <rect x="392" y="108"/>
          <rect x="441" y="108"/>
        </west>
        <north_west>
          <rect x="0" y="162"/>
          <rect x="49" y="162"/>
          <rect x="98" y="162"/>
          <rect x="147" y="162"/>
          <rect x="196" y="162"/>
          <rect x="245" y="162"/>
          <rect x="294" y="162"/>
          <rect x="343" y="162"/>
          <rect x="392" y="162"/>
          <rect x="441" y="162"/>
        </north_west>
        <north>
          <rect x="0" y="216"/>
          <rect x="49" y="216"/>
          <rect x="98" y="216"/>
          <rect x="147" y="216"/>
          <rect x="196" y="216"/>
          <rect x="245" y="216"/>
          <rect x="294" y="216"/>
          <rect x="343" y="216"/>
          <rect x="392" y="216"/>
          <rect x="441" y="216"/>
        </north>
      </idle>
      <move speed="10" w="51" h="55" offset_x="25" offset_y="27">
        <south>
          <rect x="0" y="270"/>
          <rect x="52" y="270"/>
          <rect x="104" y="270"/>
          <rect x="156" y="270"/>
          <rect x="208" y="270"/>
          <rect x="260" y="270"/>
          <rect x="312" y="270"/>
          <rect x="364" y="270"/>
          <rect x="416" y="270"/>
          <rect x="468" y="270"/>
          <rect x="520" y="270"/>
          <rect x="572" y="270"/>
          <rect x="624" y="270"/>
          <rect x="676" y="270"/>
          <rect x="728" y="270"/>
        </south>
        <south_west>
          <rect x="0" y="326"/>
          <rect x="52" y="326"/>
          <rect x="104" y="326"/>
          <rect x="156" y="326"/>
          <rect x="208" y="326"/>
          <rect x="260" y="326"/>
          <rect x="312" y="326"/>
          <rect x="364" y="326"/>
          <rect x="416" y="326"/>
          <rect x="468" y="326"/>
          <rect x="520" y="326"/>
          <rect x="572" y="326"/>
          <rect x="624" y="326"/>
          <rect x="676" y="326"/>
          <rect x="728" y="326"/>
        </south_west>
        <west>
          <rect x="0" y="382"/>
          <rect x="52" y="382"/>
          <rect x="104" y="382"/>
          <rect x="156" y="382"/>
          <rect x="208" y="382"/>
          <rect x="260" y="382"/>
          <rect x="312" y="382"/>
          <rect x="364" y="382"/>
          <rect x="416" y="382"/>
          <rect x="468" y="382"/>
          <rect x="520" y="382"/>
          <rect x="572" y="382"/>
          <rect x="624" y="382"/>
          <rect x="676" y="382"/>
          <rect x="728" y="382"/>
        </west>
        <north_west>
          <rect x="0" y="438"/>
          <rect x="52" y="438"/>
          <rect x="104" y="438"/>
          <rect x="156" y="438"/>
          <rect x="208" y="438"/>
          <rect x="260" y="438"/>
          <rect x="312" y="438"/>
          <rect x="364" y="438"/>
          <rect x="416" y="438"/>
          <rect x="468" y="438"/>
          <rect x="520" y="438"/>
          <rect x="572" y="438"/>
          <rect x="624" y="438"/>
          <rect x="676" y="438"/>
          <rect x="728" y="438"/>
        </north_west>
        <north>
          <rect x="0" y="494"/>
          <rect x="52" y="494"/>
          <rect x="104" y="494"/>
          <rect x="156" y="494"/>
          <rect x="208" y="494"/>
          <rect x="260" y="494"/>
          <rect x="312" y="494"/>
          <rect x="364" y="494"/>
          <rect x="416" y="494"/>
          <rect x="468" y="494"/>
          <rect x="520" y="494"/>
          <rect x="572" y="494"/>
          <rect x="624" y="494"/>
          <rect x="676" y="494"/>
          <rect x="728" y="494"/>
        </north>
      </move>
      <attack speed="10" w="78" h="140" offset_x="39" offset_y="100">
        <south>
          <rect x="0" y="550"/>
          <rect x="80" y="550"/>
          <rect x="160" y="550"/>
          <rect x="240" y="550"/>
          <rect x="320" y="550"/>
          <rect x="400" y="550"/>
          <rect x="480" y="550"/>
          <rect x="560" y="550"/>
          <rect x="640" y="550"/>
          <rect x="720" y="550"/>
          <rect x="800" y="550"/>
          <rect x="880" y="550"/>
          <rect x="960" y="550"/>
          <rect x="1040" y="550"/>
          <rect x="1120" y="550"/>
          <rect x="1200" y="550"/>
        </south>
        <south_west>
          <rect x="0" y="691"/>
          <rect x="80" y="691"/>
          <rect x="160" y="691"/>
          <rect x="240" y="691"/>
          <rect x="320" y="691"/>
          <rect x="400" y="691"/>
          <rect x="480" y="691"/>
          <rect x="560" y="691"/>
          <rect x="640" y="691"/>
          <rect x="720" y="691"/>
          <rect x="800" y="691"/>
          <rect x="880" y="691"/>
          <rect x="960" y="691"/>
          <rect x="1040" y="691"/>
          <rect x="1120" y="691"/>
          <rect x="1200" y="691"/>
        </south_west>
        <west>
          <rect x="0" y="832"/>
          <rect x="80" y="832"/>
          <rect x="160" y="832"/>
          <rect x="240" y="832"/>
          <rect x="320" y="832"/>
          <rect x="400" y="832"/>
          <rect x="480" y="832"/>
          <rect x="560" y="832"/>
          <rect x="640" y="832"/>
          <rect x="720" y="832"/>
          <rect x="800" y="832"/>
          <rect x="880" y="832"/>
          <rect x="960" y="832"/>
          <rect x="1040" y="832"/>
          <rect x="1120" y="832"/>
          <rect x="1200" y="832"/>
        </west>
        <north_west>
          <rect x="0" y="973"/>
          <rect x="80" y="973"/>
          <rect x="160" y="973"/>
          <rect x="240" y="973"/>
          <rect x="320" y="973"/>
          <rect x="400" y="973"/>
          <rect x="480" y="973"/>
          <rect x="560" y="973"/>
          <rect x="640" y="973"/>
          <rect x="720" y="973"/>
          <rect x="800" y="973"/>
          <rect x="880" y="973"/>
          <rect x="960" y="973"/>
          <rect x="1040" y="973"/>
          <rect x="1120" y="973"/>
          <rect x="1200" y="973"/>
        </north_west>
        <north>
          <rect x="0" y="1114"/>
          <rect x="80" y="1114"/>
          <rect x="160" y="1114"/>
          <rect x="240" y="1114"/>
          <rect x="320" y="1114"/>
          <rect x="400" y="1114"/>
          <rect x="480" y="1114"/>
          <rect x="560" y="1114"/>
          <rect x="640" y="1114"/>
          <rect x="720" y="1114"/>
          <rect x="800" y="1114"/>
          <rect x="880" y="1114"/>
          <rect x="960" y="1114"/>
          <rect x="1040" y="1114"/>
          <rect x="1120" y="1114"/>
          <rect x="1200" y="1114"/>
        </north>
      </attack>
      <death speed="10" w="66" h="64" offset_x="33" offset_y="32">
        <south>
          <rect x="0" y="1255"/>
          <rect x="67" y="1255"/>
          <rect x="134" y="1255"/>
          <rect x="201" y="1255"/>
          <rect x="268" y="1255"/>
          <rect x="335" y="1255"/>
          <rect x="402" y="1255"/>
          <rect x="469" y="1255"/>
          <rect x="536" y="1255"/>
          <rect x="603" y="1255"/>
          <rect x="670" y="1255"/>
          <rect x="737" y="1255"/>
          <rect x="804" y="1255"/>
        </south>
        <south_west>
          <rect x="0" y="1320"/>
          <rect x="67" y="1320"/>
          <rect x="134" y="1320"/>
          <rect x="201" y="1320"/>
          <rect x="268" y="1320"/>
          <rect x="335" y="1320"/>
          <rect x="402" y="1320"/>
          <rect x="469" y="1320"/>
          <rect x="536" y="1320"/>
          <rect x="603" y="1320"/>
          <rect x="670" y="1320"/>
          <rect x="737" y="1320"/>
          <rect x="804" y="1320"/>
        </south_west>
        <west>
          <rect x="0" y="1385"/>
          <rect x="67" y="1385"/>
          <rect x="134" y="1385"/>
          <rect x="201" y="1385"/>
          <rect x="268" y="1385"/>
          <rect x="335" y="1385"/>
          <rect x="402" y="1385"/>
          <rect x="469" y="1385"/>
          <rect x="536" y="1385"/>
          <rect x="603" y="1385"/>
          <rect x="670" y="1385"/>
          <rect x="737" y="1385"/>
          <rect x="804" y="1385"/>
        </west>
        <north_west>
          <rect x="0" y="1450"/>
          <rect x="67" y="1450"/>
          <rect x="134" y="1450"/>
          <rect x="201" y="1450"/>
          <rect x="268" y="1450"/>
          <rect x="335" y="1450"/>
          <rect x="402" y="1450"/>
          <rect x="469" y="1450"/>
          <rect x="536" y="1450"/>
          <rect x="603" y="1450"/>
          <rect x="670" y="1450"/>
          <rect x="737" y="1450"/>
          <rect x="804" y="1450"/>
        </north_west>
        <north>
          <rect x="0" y="1515"/>
          <rect x="67" y="1515"/>
          <rect x="134" y="1515"/>
          <rect x="201" y="1515"/>
          <rect x="268" y="1515"/>
          <rect x="335" y="1515"/>
          <rect x="402" y="1515"/>
          <rect x="469" y="1515"/>
          <rect x="536" y="1515"/>
          <rect x="603" y="1515"/>
          <rect x="670" y="1515"/>
          <rect x="737" y="1515"/>
          <rect x="804" y="1515"/>
        </north>
      </death>
      <decompose speed="3" w="59" h="48" offset_x="33" offset_y="18">
        <south>
          <rect x="0" y="1580"/>
          <rect x="60" y="1580"/>
          <rect x="120" y="1580"/>
          <rect x="180" y="1580"/>
          <rect x="240" y="1580"/>
        </south>
        <south_west>
          <rect x="0" y="1629"/>
          <rect x="60" y="1629"/>
          <rect x="120" y="1629"/>
          <rect x="180" y="1629"/>
          <rect x="240" y="1629"/>
        </south_west>
        <west>
          <rect x="0" y="1678"/>
          <rect x="60" y="1678"/>
          <rect x="120" y="1678"/>
          <rect x="180" y="1678"/>
          <rect x="240" y="1678"/>
        </west>
        <north_west>
          <rect x="0" y="1727"/>
          <rect x="60" y="1727"/>
          <rect x="120" y="1727"/>
          <rect x="180" y="1727"/>
          <rect x="240" y="1727"/>
        </north_west>
        <north>
          <rect x="0" y="1776"/>
          <rect x="60" y="1776"/>
          <rect x="120" y="1776"/>
          <rect x="180" y="1776"/>
          <rect x="240" y="1776"/>
        </north>
      </decompose>
    </animations>
  </unit>
  <unit type="Old_NPC">
    <texture value="textures/quest_giver.png"/>
    <speed value="1"/>
    <life value="200"/>
    <collision_box w="23" h="44" offset_x="-5" offset_y="-21"/>
    <animations>
      <idle speed="8" w="43" h="47" offset_x="10" offset_y="23" offset_flip="">
        <south>
          <rect x="0" y="0"/>
          <rect x="44" y="0"/>
          <rect x="88" y="0"/>
          <rect x="132" y="0"/>
          <rect x="176" y="0"/>
          <rect x="220" y="0"/>
        </south>
        <south_west>
          <rect x="0" y="48"/>
          <rect x="44" y="48"/>
          <rect x="88" y="48"/>
          <rect x="132" y="48"/>
          <rect x="176" y="48"/>
          <rect x="220" y="48"/>
        </south_west>
        <west>
          <rect x="0" y="96"/>
          <rect x="44" y="96"/>
          <rect x="88" y="96"/>
          <rect x="132" y="96"/>
          <rect x="176" y="96"/>
          <rect x="220" y="96"/>
        </west>
        <north_west>
          <rect x="0" y="144"/>
          <rect x="44" y="144"/>
          <rect x="88" y="144"/>
          <rect x="132" y="144"/>
          <rect x="176" y="144"/>
          <rect x="220" y="144"/>
        </north_west>
        <north>
          <rect x="0" y="192"/>
          <rect x="44" y="192"/>
          <rect x="88" y="192"/>
          <rect x="132" y="192"/>
          <rect x="176" y="192"/>
          <rect x="220" y="192"/>
        </north>
      </idle>
      <move speed="10" w="43" h="55" offset_x="10" offset_y="23" offset_flip="">
        <south>
          <rect x="0" y="507"/>
          <rect x="44" y="507"/>
          <rect x="88" y="507"/>
          <rect x="132" y="507"/>
          <rect x="176" y="507"/>
          <rect x="220" y="507"/>
          <rect x="264" y="507"/>
          <rect x="308" y="507"/>
          <rect x="352" y="507"/>
          <rect x="396" y="507"/>
        </south>
        <south_west>
          <rect x="0" y="563"/>
          <rect x="44" y="563"/>
          <rect x="88" y="563"/>
          <rect x="132" y="563"/>
          <rect x="176" y="563"/>
          <rect x="220" y="563"/>
          <rect x="264" y="563"/>
          <rect x="308" y="563"/>
          <rect x="352" y="563"/>
          <rect x="396" y="563"/>
        </south_west>
        <west>
          <rect x="0" y="619"/>
          <rect x="44" y="619"/>
          <rect x="88" y="619"/>
          <rect x="132" y="619"/>
          <rect x="176" y="619"/>
          <rect x="220" y="619"/>
          <rect x="264" y="619"/>
          <rect x="308" y="619"/>
          <rect x="352" y="619"/>
          <rect x="396" y="619"/>
        </west>
        <north_west>
          <rect x="0" y="675"/>
          <rect x="44" y="675"/>
          <rect x="88" y="675"/>
          <rect x="132" y="675"/>
          <rect x="176" y="675"/>
          <rect x="220" y="675"/>
          <rect x="264" y="675"/>
          <rect x="308" y="675"/>
          <rect x="352" y="675"/>
          <rect x="396" y="675"/>
        </north_west>
        <north>
          <rect x="0" y="731"/>
          <rect x="44" y="731"/>
          <rect x="88" y="731"/>
          <rect x="132" y="731"/>
          <rect x="176" y="731"/>
          <rect x="220" y="731"/>
          <rect x="264" y="731"/>
          <rect x="308" y="731"/>
          <rect x="352" y="731"/>
          <rect x="396" y="731"/>
        </north>
      </move>
      <death speed="10" w="86" h="64" offset_x="20" offset_y="20" offset_flip="35">
        <south>
          <rect x="0" y="788"/>
          <rect x="87" y="788"/>
          <rect x="174" y="788"/>
          <rect x="261" y="788"/>
          <rect x="348" y="788"/>
          <rect x="435" y="788"/>
          <rect x="522" y="788"/>
          <rect x="609" y="788"/>
          <rect x="696" y="788"/>
          <rect x="783" y="788"/>
        </south>
        <south_west>
          <rect x="0" y="853"/>
          <rect x="87" y="853"/>
          <rect x="174" y="853"/>
          <rect x="261" y="853"/>
          <rect x="348" y="853"/>
          <rect x="435" y="853"/>
          <rect x="522" y="853"/>
          <rect x="609" y="853"/>
          <rect x="696" y="853"/>
          <rect x="783" y="853"/>
        </south_west>
        <west>
          <rect x="0" y="918"/>
          <rect x="87" y="918"/>
          <rect x="174" y="918"/>
          <rect x="261" y="918"/>
          <rect x="348" y="918"/>
          <rect x="435" y="918"/>
          <rect x="522" y="918"/>
          <rect x="609" y="918"/>
          <rect x="696" y="918"/>
          <rect x="783" y="918"/>
        </west>
        <north_west>
          <rect x="0" y="983"/>
          <rect x="87" y="983"/>
          <rect x="174" y="983"/>
          <rect x="261" y="983"/>
          <rect x="348" y="983"/>
          <rect x="435" y="983"/>
          <rect x="522" y="983"/>
          <rect x="609" y="983"/>
          <rect x="696" y="983"/>
          <rect x="783" y="983"/>
        </north_west>
        <north>
          <rect x="0" y="1048"/>
          <rect x="87" y="1048"/>
          <rect x="174" y="1048"/>
          <rect x="261" y="1048"/>
          <rect x="348" y="1048"/>
          <rect x="435" y="1048"/>
          <rect x="522" y="1048"/>
          <rect x="609" y="1048"/>
          <rect x="696" y="1048"/>
          <rect x="783" y="1048"/>
        </north>
      </death>
      <decompose speed="3" w="89" h="49" offset_x="25" offset_y="0" offset_flip="40">
        <south>
          <rect x="0" y="1114"/>
          <rect x="90" y="1114"/>
          <rect x="180" y="1114"/>
          <rect x="270" y="1114"/>
          <rect x="360" y="1114"/>
        </south>
        <south_west>
          <rect x="0" y="1164"/>
          <rect x="90" y="1164"/>
          <rect x="180" y="1164"/>
          <rect x="270" y="1164"/>
          <rect x="360" y="1164"/>
        </south_west>
        <west>
          <rect x="0" y="1214"/>
          <rect x="90" y="1214"/>
          <rect x="180" y="1214"/>
          <rect x="270" y="1214"/>
          <rect x="360" y="1214"/>
        </west>
        <north_west>
          <rect x="0" y="1264"/>
          <rect x="90" y="1264"/>
          <rect x="180" y="1264"/>
          <rect x="270" y="1264"/>
          <rect x="360" y="1264"/>
        </north_west>
        <north>
          <rect x="0" y="1314"/>
          <rect x="90" y="1314"/>
          <rect x="180" y="1314"/>
          <rect x="270" y="1314"/>
          <rect x="360" y="1314"/>
        </north>
      </decompose>
    </animations>
  </unit>
</units>